-- MySQL dump 10.13  Distrib 5.7.31, for Linux (x86_64)
--
-- Host: 127.0.0.1    Database: vk
-- ------------------------------------------------------
-- Server version	8.0.21-0ubuntu0.20.04.4

/*!40101 SET @OLD_CHARACTER_SET_CLIENT=@@CHARACTER_SET_CLIENT */;
/*!40101 SET @OLD_CHARACTER_SET_RESULTS=@@CHARACTER_SET_RESULTS */;
/*!40101 SET @OLD_COLLATION_CONNECTION=@@COLLATION_CONNECTION */;
/*!40101 SET NAMES utf8 */;
/*!40103 SET @OLD_TIME_ZONE=@@TIME_ZONE */;
/*!40103 SET TIME_ZONE='+00:00' */;
/*!40014 SET @OLD_UNIQUE_CHECKS=@@UNIQUE_CHECKS, UNIQUE_CHECKS=0 */;
/*!40014 SET @OLD_FOREIGN_KEY_CHECKS=@@FOREIGN_KEY_CHECKS, FOREIGN_KEY_CHECKS=0 */;
/*!40101 SET @OLD_SQL_MODE=@@SQL_MODE, SQL_MODE='NO_AUTO_VALUE_ON_ZERO' */;
/*!40111 SET @OLD_SQL_NOTES=@@SQL_NOTES, SQL_NOTES=0 */;

--
-- Table structure for table `cities`
--

DROP TABLE IF EXISTS `cities`;
/*!40101 SET @saved_cs_client     = @@character_set_client */;
/*!40101 SET character_set_client = utf8 */;
CREATE TABLE `cities` (
  `id` int unsigned NOT NULL AUTO_INCREMENT COMMENT 'Идентификатор строки',
  `country_id` int unsigned DEFAULT NULL,
  `name` varchar(50) NOT NULL COMMENT 'Название города',
  `created_at` datetime DEFAULT CURRENT_TIMESTAMP COMMENT 'Время создания строки',
  `updated_at` datetime DEFAULT CURRENT_TIMESTAMP ON UPDATE CURRENT_TIMESTAMP COMMENT 'Время обновления строки',
  PRIMARY KEY (`id`),
  UNIQUE KEY `name` (`name`)
) ENGINE=InnoDB AUTO_INCREMENT=128 DEFAULT CHARSET=utf8mb4 COLLATE=utf8mb4_0900_ai_ci COMMENT='Список стран';
/*!40101 SET character_set_client = @saved_cs_client */;

--
-- Dumping data for table `cities`
--

LOCK TABLES `cities` WRITE;
/*!40000 ALTER TABLE `cities` DISABLE KEYS */;
INSERT INTO `cities` VALUES (1,21,'West Lela','2020-10-22 16:14:02','2020-10-22 16:22:31'),(2,45,'Aurelieborough','2020-10-22 16:14:02','2020-10-22 16:22:31'),(3,74,'Lexieborough','2020-10-22 16:14:02','2020-10-22 16:22:31'),(4,62,'Tiaport','2020-10-22 16:14:02','2020-10-22 16:22:31'),(5,1,'West Sonia','2020-10-22 16:14:02','2020-10-22 16:22:31'),(6,79,'New Mayaville','2020-10-22 16:14:02','2020-10-22 16:22:31'),(7,46,'Chelseybury','2020-10-22 16:14:02','2020-10-22 16:22:31'),(8,77,'Stantonton','2020-10-22 16:14:02','2020-10-22 16:22:31'),(9,75,'West Fordland','2020-10-22 16:14:02','2020-10-22 16:22:31'),(10,58,'Harberland','2020-10-22 16:14:02','2020-10-22 16:22:31'),(11,63,'Lelandfurt','2020-10-22 16:14:02','2020-10-22 16:22:31'),(12,55,'Gorczanyberg','2020-10-22 16:14:02','2020-10-22 16:22:31'),(13,2,'New Martinatown','2020-10-22 16:14:02','2020-10-22 16:22:31'),(14,15,'New Fannyhaven','2020-10-22 16:14:02','2020-10-22 16:22:31'),(15,68,'South Tre','2020-10-22 16:14:02','2020-10-22 16:22:31'),(16,38,'East Letha','2020-10-22 16:14:02','2020-10-22 16:22:31'),(17,70,'South Taurean','2020-10-22 16:14:02','2020-10-22 16:22:31'),(18,62,'Flatleybury','2020-10-22 16:14:02','2020-10-22 16:22:31'),(19,16,'Port Laurianne','2020-10-22 16:14:02','2020-10-22 16:22:31'),(20,65,'Rutherfordchester','2020-10-22 16:14:02','2020-10-22 16:22:31'),(21,16,'North Mortimer','2020-10-22 16:14:02','2020-10-22 16:22:31'),(22,59,'Goodwinmouth','2020-10-22 16:14:02','2020-10-22 16:22:31'),(23,73,'South Kaitlinton','2020-10-22 16:14:02','2020-10-22 16:22:31'),(24,18,'Swaniawskihaven','2020-10-22 16:14:02','2020-10-22 16:22:31'),(25,40,'New Fredericville','2020-10-22 16:14:02','2020-10-22 16:22:31'),(26,61,'Lake Lacey','2020-10-22 16:14:02','2020-10-22 16:22:31'),(27,11,'Kiarachester','2020-10-22 16:14:02','2020-10-22 16:22:31'),(28,45,'Effertzmouth','2020-10-22 16:14:02','2020-10-22 16:22:31'),(29,20,'Wardtown','2020-10-22 16:14:02','2020-10-22 16:22:31'),(30,49,'Schroederfort','2020-10-22 16:14:02','2020-10-22 16:22:31'),(31,14,'Mylesview','2020-10-22 16:14:02','2020-10-22 16:22:31'),(32,6,'North Name','2020-10-22 16:14:02','2020-10-22 16:22:31'),(33,77,'New Jimmy','2020-10-22 16:14:02','2020-10-22 16:22:31'),(34,20,'Yostport','2020-10-22 16:14:02','2020-10-22 16:22:31'),(35,41,'South Raquelmouth','2020-10-22 16:14:02','2020-10-22 16:22:31'),(36,61,'Kearaview','2020-10-22 16:14:02','2020-10-22 16:22:31'),(37,6,'New Leonfort','2020-10-22 16:14:02','2020-10-22 16:22:31'),(38,19,'Maxiehaven','2020-10-22 16:14:02','2020-10-22 16:22:31'),(39,78,'South Christopherview','2020-10-22 16:14:02','2020-10-22 16:22:31'),(40,72,'Caletown','2020-10-22 16:14:02','2020-10-22 16:22:31'),(41,41,'Roobbury','2020-10-22 16:14:02','2020-10-22 16:22:31'),(42,73,'New Trentonshire','2020-10-22 16:14:02','2020-10-22 16:22:31'),(43,69,'South Mertiebury','2020-10-22 16:14:02','2020-10-22 16:22:31'),(44,41,'Ameliestad','2020-10-22 16:14:02','2020-10-22 16:22:31'),(45,81,'Hillarymouth','2020-10-22 16:14:02','2020-10-22 16:22:31'),(46,25,'Port Fernemouth','2020-10-22 16:14:02','2020-10-22 16:22:31'),(47,54,'Bruenbury','2020-10-22 16:14:02','2020-10-22 16:22:31'),(48,21,'Cummingsborough','2020-10-22 16:14:02','2020-10-22 16:22:31'),(49,29,'South Joseph','2020-10-22 16:14:02','2020-10-22 16:22:31'),(50,82,'Jerdeland','2020-10-22 16:14:02','2020-10-22 16:22:31'),(51,63,'Fabiolamouth','2020-10-22 16:14:02','2020-10-22 16:22:31'),(52,68,'Murrayside','2020-10-22 16:14:02','2020-10-22 16:22:31'),(53,66,'New Nils','2020-10-22 16:14:02','2020-10-22 16:22:31'),(54,39,'Schultzfort','2020-10-22 16:14:02','2020-10-22 16:22:31'),(55,83,'Robelside','2020-10-22 16:14:02','2020-10-22 16:22:31'),(56,41,'Port Seth','2020-10-22 16:14:02','2020-10-22 16:22:31'),(57,41,'Haagborough','2020-10-22 16:14:02','2020-10-22 16:22:31'),(58,81,'Lake Alanischester','2020-10-22 16:14:02','2020-10-22 16:22:31'),(59,23,'South Abraham','2020-10-22 16:14:02','2020-10-22 16:22:31'),(60,43,'Braunchester','2020-10-22 16:14:02','2020-10-22 16:22:31'),(61,62,'New Gabrielleport','2020-10-22 16:14:02','2020-10-22 16:22:31'),(62,5,'Aaliyahfurt','2020-10-22 16:14:02','2020-10-22 16:22:31'),(63,13,'Broderickside','2020-10-22 16:14:02','2020-10-22 16:22:31'),(64,49,'East Donnie','2020-10-22 16:14:02','2020-10-22 16:22:31'),(65,33,'Lake Inesberg','2020-10-22 16:14:02','2020-10-22 16:22:31'),(66,18,'New Zionside','2020-10-22 16:14:02','2020-10-22 16:22:31'),(67,78,'East Lawrenceburgh','2020-10-22 16:14:02','2020-10-22 16:22:31'),(68,75,'Lake Sanfordland','2020-10-22 16:14:02','2020-10-22 16:22:31'),(69,55,'Port Simview','2020-10-22 16:14:02','2020-10-22 16:22:31'),(70,48,'Lake Edwina','2020-10-22 16:14:02','2020-10-22 16:22:31'),(71,78,'Strosinville','2020-10-22 16:14:02','2020-10-22 16:22:31'),(72,71,'Mrazport','2020-10-22 16:14:02','2020-10-22 16:22:31'),(73,37,'Gottliebstad','2020-10-22 16:14:02','2020-10-22 16:22:31'),(74,54,'Elizaport','2020-10-22 16:14:02','2020-10-22 16:22:31'),(75,75,'Beierton','2020-10-22 16:14:02','2020-10-22 16:22:31'),(76,38,'Port Doylehaven','2020-10-22 16:14:02','2020-10-22 16:22:31'),(77,54,'Port Zoie','2020-10-22 16:14:02','2020-10-22 16:22:31'),(78,66,'West Trystan','2020-10-22 16:14:02','2020-10-22 16:22:31'),(79,83,'Marquardtfort','2020-10-22 16:14:02','2020-10-22 16:22:31'),(80,44,'Luzville','2020-10-22 16:14:02','2020-10-22 16:22:31'),(81,58,'Jenkinsmouth','2020-10-22 16:14:02','2020-10-22 16:22:31'),(82,69,'North Christ','2020-10-22 16:14:02','2020-10-22 16:22:31'),(83,84,'Lake Tiannashire','2020-10-22 16:14:02','2020-10-22 16:22:31'),(84,42,'Dickinsonton','2020-10-22 16:14:02','2020-10-22 16:22:31'),(85,43,'Port Darrinfurt','2020-10-22 16:14:02','2020-10-22 16:22:31'),(86,4,'Leeview','2020-10-22 16:14:02','2020-10-22 16:22:31'),(87,60,'North Jakobtown','2020-10-22 16:14:02','2020-10-22 16:22:31'),(88,31,'North Tavares','2020-10-22 16:14:02','2020-10-22 16:22:31'),(89,61,'Port Khalilshire','2020-10-22 16:14:02','2020-10-22 16:22:31'),(90,41,'Starkstad','2020-10-22 16:14:02','2020-10-22 16:22:31'),(91,20,'South Zakary','2020-10-22 16:14:02','2020-10-22 16:22:31'),(92,63,'New Eleanore','2020-10-22 16:14:02','2020-10-22 16:22:31'),(93,81,'West Alyssonville','2020-10-22 16:14:02','2020-10-22 16:22:31'),(94,45,'New Ethylside','2020-10-22 16:14:02','2020-10-22 16:22:31'),(95,67,'Odashire','2020-10-22 16:14:02','2020-10-22 16:22:31'),(96,29,'Anibalhaven','2020-10-22 16:14:02','2020-10-22 16:22:31'),(97,29,'Port Virginie','2020-10-22 16:14:02','2020-10-22 16:22:31'),(98,56,'Roryburgh','2020-10-22 16:14:02','2020-10-22 16:22:31'),(99,23,'Lake Marta','2020-10-22 16:14:02','2020-10-22 16:22:31'),(100,32,'South Peter','2020-10-22 16:14:02','2020-10-22 16:22:31');
/*!40000 ALTER TABLE `cities` ENABLE KEYS */;
UNLOCK TABLES;

--
-- Table structure for table `communities`
--

DROP TABLE IF EXISTS `communities`;
/*!40101 SET @saved_cs_client     = @@character_set_client */;
/*!40101 SET character_set_client = utf8 */;
CREATE TABLE `communities` (
  `id` int unsigned NOT NULL AUTO_INCREMENT COMMENT 'Идентификатор сроки',
  `name` varchar(150) CHARACTER SET utf8 COLLATE utf8_unicode_ci NOT NULL COMMENT 'Название группы',
  `created_at` datetime DEFAULT CURRENT_TIMESTAMP COMMENT 'Время создания строки',
  `updated_at` datetime DEFAULT CURRENT_TIMESTAMP ON UPDATE CURRENT_TIMESTAMP COMMENT 'Время обновления строки',
  PRIMARY KEY (`id`),
  UNIQUE KEY `name` (`name`)
) ENGINE=InnoDB AUTO_INCREMENT=11 DEFAULT CHARSET=utf8 COLLATE=utf8_unicode_ci COMMENT='Группы';
/*!40101 SET character_set_client = @saved_cs_client */;

--
-- Dumping data for table `communities`
--

LOCK TABLES `communities` WRITE;
/*!40000 ALTER TABLE `communities` DISABLE KEYS */;
INSERT INTO `communities` VALUES (1,'group 1','1971-06-26 23:26:10','2020-10-16 19:25:27'),(2,'group 2','1977-04-06 09:50:57','2020-10-16 19:25:27'),(3,'group 3','1998-07-09 16:55:34','2020-10-16 19:25:27'),(4,'group 4','2019-01-13 18:24:54','2020-10-16 19:25:28'),(5,'group 5','2001-07-14 01:43:51','2020-10-16 19:25:28'),(6,'group 6','2015-12-14 15:57:33','2020-10-16 19:25:28'),(7,'group 7','1985-12-14 17:15:21','2020-10-16 19:25:28'),(8,'group 8','1974-04-14 01:31:55','2020-10-16 19:25:28'),(9,'group 9','1994-09-20 14:13:54','2020-10-16 19:25:28'),(10,'group 10','1982-05-18 03:26:19','2020-10-16 19:25:28');
/*!40000 ALTER TABLE `communities` ENABLE KEYS */;
UNLOCK TABLES;

--
-- Table structure for table `communities_users`
--

DROP TABLE IF EXISTS `communities_users`;
/*!40101 SET @saved_cs_client     = @@character_set_client */;
/*!40101 SET character_set_client = utf8 */;
CREATE TABLE `communities_users` (
  `community_id` int unsigned NOT NULL COMMENT 'Ссылка на группу',
  `user_id` int unsigned NOT NULL COMMENT 'Ссылка на пользователя',
  `created_at` datetime DEFAULT CURRENT_TIMESTAMP COMMENT 'Время создания строки',
  PRIMARY KEY (`community_id`,`user_id`) COMMENT 'Составной первичный ключ'
) ENGINE=InnoDB DEFAULT CHARSET=utf8 COLLATE=utf8_unicode_ci COMMENT='Участники групп, связь между пользователями и группами';
/*!40101 SET character_set_client = @saved_cs_client */;

--
-- Dumping data for table `communities_users`
--

LOCK TABLES `communities_users` WRITE;
/*!40000 ALTER TABLE `communities_users` DISABLE KEYS */;
INSERT INTO `communities_users` VALUES (1,6,'2012-03-09 22:51:51'),(1,23,'1976-09-29 03:33:25'),(1,27,'1978-11-02 20:33:26'),(1,30,'2012-08-15 02:26:46'),(1,73,'1981-01-20 19:05:54'),(1,88,'2008-09-03 16:55:26'),(2,4,'2002-03-04 01:40:55'),(2,5,'2008-04-22 01:33:05'),(2,7,'1991-02-24 11:24:33'),(2,10,'1981-01-31 02:13:07'),(2,42,'1976-03-09 06:50:49'),(2,46,'1986-03-07 13:32:32'),(2,50,'2016-12-22 04:56:15'),(2,54,'1988-12-05 20:07:37'),(2,98,'1992-11-14 04:18:55'),(3,13,'2015-02-24 11:25:17'),(3,31,'1977-01-01 18:48:42'),(3,40,'2011-10-26 21:41:47'),(3,45,'2010-07-24 23:57:57'),(3,77,'2010-03-19 07:27:19'),(3,81,'1979-06-29 13:46:51'),(3,93,'2011-05-31 13:21:45'),(4,1,'1978-06-04 11:50:31'),(4,11,'2014-12-26 20:32:36'),(4,16,'1970-12-18 05:33:12'),(4,19,'1993-08-17 03:06:56'),(4,20,'1981-08-12 04:58:03'),(4,21,'2003-08-13 17:12:02'),(4,26,'1994-07-27 08:46:27'),(4,37,'1977-06-01 21:36:41'),(4,43,'1971-08-03 03:52:27'),(4,47,'2019-04-16 17:19:23'),(4,51,'1999-09-10 12:25:27'),(4,56,'2017-04-06 15:53:29'),(4,62,'1998-09-22 23:00:13'),(4,63,'1998-03-13 16:57:08'),(4,75,'1996-10-08 23:27:36'),(4,82,'1986-08-07 01:45:17'),(4,83,'1984-06-10 15:42:19'),(4,90,'1999-08-10 12:16:40'),(4,91,'1997-09-13 16:31:30'),(4,95,'1992-05-09 14:59:02'),(5,9,'2014-01-12 14:52:39'),(5,29,'1971-05-12 02:54:34'),(5,33,'1971-10-18 18:00:49'),(5,35,'1972-01-27 00:50:30'),(5,58,'1991-04-27 12:59:06'),(5,60,'2017-05-11 07:16:06'),(5,61,'2001-05-18 09:50:01'),(5,70,'2004-09-12 12:31:04'),(5,74,'2014-08-01 06:20:30'),(5,80,'2005-05-24 00:51:15'),(5,86,'2017-03-20 06:40:00'),(5,92,'2001-01-10 15:54:47'),(6,2,'2005-08-31 12:13:05'),(6,8,'2015-07-08 18:07:25'),(6,14,'1979-08-05 12:06:35'),(6,15,'2017-10-13 01:55:09'),(6,18,'1996-03-09 00:03:53'),(6,32,'1983-12-02 15:18:11'),(6,41,'1996-03-13 19:07:33'),(6,52,'1975-11-29 05:01:05'),(6,71,'1996-04-30 21:22:14'),(6,72,'1993-10-13 12:16:04'),(6,84,'1974-04-10 08:19:11'),(6,87,'1992-08-31 14:38:42'),(6,96,'2005-11-06 13:34:59'),(7,3,'1972-03-14 03:49:16'),(7,28,'2015-06-04 08:46:27'),(7,49,'1999-01-14 01:31:19'),(7,65,'2001-07-15 23:54:34'),(7,67,'1980-02-12 12:50:38'),(7,69,'1975-06-23 19:09:46'),(7,76,'1987-08-11 19:56:18'),(8,17,'1986-11-21 13:40:41'),(8,55,'1974-07-24 16:48:31'),(8,57,'1988-12-25 18:45:14'),(8,59,'1982-02-08 13:46:13'),(8,66,'2008-03-12 06:56:24'),(8,79,'1993-09-07 15:36:59'),(8,85,'1970-02-05 13:00:53'),(8,89,'1980-03-31 16:57:23'),(8,97,'1970-04-01 22:22:44'),(8,99,'2018-11-24 00:23:45'),(8,100,'1999-01-11 19:13:21'),(9,34,'2001-02-10 20:10:13'),(9,36,'2003-07-13 12:37:54'),(9,39,'2010-06-10 23:57:27'),(9,53,'2005-10-13 09:50:21'),(10,12,'1972-04-05 04:47:18'),(10,22,'1971-10-14 15:18:52'),(10,24,'2020-06-25 21:51:52'),(10,25,'2011-04-12 20:39:41'),(10,38,'1994-08-11 12:17:13'),(10,44,'1983-04-20 08:44:07'),(10,48,'2003-03-20 10:45:37'),(10,64,'1975-07-28 19:28:59'),(10,68,'1974-02-22 23:58:25'),(10,78,'1998-04-30 21:40:53'),(10,94,'2012-01-24 16:56:36');
/*!40000 ALTER TABLE `communities_users` ENABLE KEYS */;
UNLOCK TABLES;

--
-- Table structure for table `countries`
--

DROP TABLE IF EXISTS `countries`;
/*!40101 SET @saved_cs_client     = @@character_set_client */;
/*!40101 SET character_set_client = utf8 */;
CREATE TABLE `countries` (
  `id` int unsigned NOT NULL AUTO_INCREMENT COMMENT 'Идентификатор строки',
  `name` varchar(50) NOT NULL COMMENT 'Название страны',
  `created_at` datetime DEFAULT CURRENT_TIMESTAMP COMMENT 'Время создания строки',
  `updated_at` datetime DEFAULT CURRENT_TIMESTAMP ON UPDATE CURRENT_TIMESTAMP COMMENT 'Время обновления строки',
  PRIMARY KEY (`id`),
  UNIQUE KEY `name` (`name`)
) ENGINE=InnoDB AUTO_INCREMENT=128 DEFAULT CHARSET=utf8mb4 COLLATE=utf8mb4_0900_ai_ci COMMENT='Список стран';
/*!40101 SET character_set_client = @saved_cs_client */;

--
-- Dumping data for table `countries`
--

LOCK TABLES `countries` WRITE;
/*!40000 ALTER TABLE `countries` DISABLE KEYS */;
INSERT INTO `countries` VALUES (1,'Albania','2020-10-22 16:17:59','2020-10-22 16:17:59'),(2,'Moldova','2020-10-22 16:17:59','2020-10-22 16:17:59'),(3,'Cape Verde','2020-10-22 16:17:59','2020-10-22 16:17:59'),(4,'Cocos (Keeling) Islands','2020-10-22 16:17:59','2020-10-22 16:17:59'),(5,'Falkland Islands (Malvinas)','2020-10-22 16:17:59','2020-10-22 16:17:59'),(6,'Singapore','2020-10-22 16:17:59','2020-10-22 16:17:59'),(7,'Nauru','2020-10-22 16:17:59','2020-10-22 16:17:59'),(8,'Kiribati','2020-10-22 16:17:59','2020-10-22 16:17:59'),(9,'Qatar','2020-10-22 16:17:59','2020-10-22 16:17:59'),(10,'Jamaica','2020-10-22 16:17:59','2020-10-22 16:17:59'),(11,'El Salvador','2020-10-22 16:17:59','2020-10-22 16:17:59'),(12,'Gibraltar','2020-10-22 16:17:59','2020-10-22 16:17:59'),(13,'Slovakia (Slovak Republic)','2020-10-22 16:17:59','2020-10-22 16:17:59'),(14,'Lithuania','2020-10-22 16:17:59','2020-10-22 16:17:59'),(15,'Azerbaijan','2020-10-22 16:17:59','2020-10-22 16:17:59'),(16,'Taiwan','2020-10-22 16:17:59','2020-10-22 16:17:59'),(17,'Turkey','2020-10-22 16:17:59','2020-10-22 16:17:59'),(18,'Costa Rica','2020-10-22 16:17:59','2020-10-22 16:17:59'),(19,'Guatemala','2020-10-22 16:17:59','2020-10-22 16:17:59'),(20,'Belarus','2020-10-22 16:17:59','2020-10-22 16:17:59'),(21,'Zimbabwe','2020-10-22 16:17:59','2020-10-22 16:17:59'),(22,'Macedonia','2020-10-22 16:17:59','2020-10-22 16:17:59'),(23,'Isle of Man','2020-10-22 16:17:59','2020-10-22 16:17:59'),(24,'Thailand','2020-10-22 16:17:59','2020-10-22 16:17:59'),(25,'Vietnam','2020-10-22 16:17:59','2020-10-22 16:17:59'),(26,'South Africa','2020-10-22 16:17:59','2020-10-22 16:17:59'),(27,'Venezuela','2020-10-22 16:17:59','2020-10-22 16:17:59'),(28,'Guyana','2020-10-22 16:17:59','2020-10-22 16:17:59'),(29,'Senegal','2020-10-22 16:17:59','2020-10-22 16:17:59'),(30,'Christmas Island','2020-10-22 16:17:59','2020-10-22 16:17:59'),(31,'Faroe Islands','2020-10-22 16:17:59','2020-10-22 16:17:59'),(32,'Latvia','2020-10-22 16:17:59','2020-10-22 16:17:59'),(33,'Jersey','2020-10-22 16:17:59','2020-10-22 16:17:59'),(34,'Cameroon','2020-10-22 16:17:59','2020-10-22 16:17:59'),(35,'Solomon Islands','2020-10-22 16:17:59','2020-10-22 16:17:59'),(36,'Bangladesh','2020-10-22 16:17:59','2020-10-22 16:17:59'),(37,'Palau','2020-10-22 16:17:59','2020-10-22 16:17:59'),(38,'Cambodia','2020-10-22 16:17:59','2020-10-22 16:17:59'),(39,'Sierra Leone','2020-10-22 16:17:59','2020-10-22 16:17:59'),(40,'Mali','2020-10-22 16:17:59','2020-10-22 16:17:59'),(41,'Burundi','2020-10-22 16:17:59','2020-10-22 16:17:59'),(42,'Micronesia','2020-10-22 16:17:59','2020-10-22 16:17:59'),(43,'Australia','2020-10-22 16:17:59','2020-10-22 16:17:59'),(44,'Comoros','2020-10-22 16:17:59','2020-10-22 16:17:59'),(45,'San Marino','2020-10-22 16:17:59','2020-10-22 16:17:59'),(46,'Anguilla','2020-10-22 16:17:59','2020-10-22 16:17:59'),(47,'Northern Mariana Islands','2020-10-22 16:17:59','2020-10-22 16:17:59'),(48,'Panama','2020-10-22 16:17:59','2020-10-22 16:17:59'),(49,'Dominican Republic','2020-10-22 16:17:59','2020-10-22 16:17:59'),(50,'French Southern Territories','2020-10-22 16:17:59','2020-10-22 16:17:59'),(51,'Norfolk Island','2020-10-22 16:17:59','2020-10-22 16:17:59'),(52,'Antigua and Barbuda','2020-10-22 16:17:59','2020-10-22 16:17:59'),(53,'Eritrea','2020-10-22 16:17:59','2020-10-22 16:17:59'),(54,'Spain','2020-10-22 16:17:59','2020-10-22 16:17:59'),(55,'Romania','2020-10-22 16:17:59','2020-10-22 16:17:59'),(56,'Central African Republic','2020-10-22 16:17:59','2020-10-22 16:17:59'),(57,'Netherlands Antilles','2020-10-22 16:17:59','2020-10-22 16:17:59'),(58,'Saint Vincent and the Grenadines','2020-10-22 16:17:59','2020-10-22 16:17:59'),(59,'Holy See (Vatican City State)','2020-10-22 16:17:59','2020-10-22 16:17:59'),(60,'Niue','2020-10-22 16:17:59','2020-10-22 16:17:59'),(61,'Palestinian Territory','2020-10-22 16:17:59','2020-10-22 16:17:59'),(62,'Cayman Islands','2020-10-22 16:17:59','2020-10-22 16:17:59'),(63,'Nigeria','2020-10-22 16:17:59','2020-10-22 16:17:59'),(64,'Sudan','2020-10-22 16:17:59','2020-10-22 16:17:59'),(65,'Korea','2020-10-22 16:17:59','2020-10-22 16:17:59'),(66,'Namibia','2020-10-22 16:17:59','2020-10-22 16:17:59'),(67,'Uruguay','2020-10-22 16:17:59','2020-10-22 16:17:59'),(68,'Aruba','2020-10-22 16:17:59','2020-10-22 16:17:59'),(69,'Jordan','2020-10-22 16:17:59','2020-10-22 16:17:59'),(70,'Libyan Arab Jamahiriya','2020-10-22 16:17:59','2020-10-22 16:17:59'),(71,'United States of America','2020-10-22 16:17:59','2020-10-22 16:17:59'),(72,'Morocco','2020-10-22 16:17:59','2020-10-22 16:17:59'),(73,'Marshall Islands','2020-10-22 16:17:59','2020-10-22 16:17:59'),(74,'Brunei Darussalam','2020-10-22 16:17:59','2020-10-22 16:17:59'),(75,'Russian Federation','2020-10-22 16:17:59','2020-10-22 16:17:59'),(76,'Croatia','2020-10-22 16:17:59','2020-10-22 16:17:59'),(77,'Barbados','2020-10-22 16:17:59','2020-10-22 16:17:59'),(78,'Honduras','2020-10-22 16:17:59','2020-10-22 16:17:59'),(79,'Macao','2020-10-22 16:17:59','2020-10-22 16:17:59'),(80,'Czech Republic','2020-10-22 16:17:59','2020-10-22 16:17:59'),(81,'Guernsey','2020-10-22 16:17:59','2020-10-22 16:17:59'),(82,'Afghanistan','2020-10-22 16:17:59','2020-10-22 16:17:59'),(83,'Portugal','2020-10-22 16:17:59','2020-10-22 16:17:59'),(84,'Saint Helena','2020-10-22 16:17:59','2020-10-22 16:17:59'),(85,'United Arab Emirates','2020-10-22 16:17:59','2020-10-22 16:17:59'),(86,'Monaco','2020-10-22 16:17:59','2020-10-22 16:17:59');
/*!40000 ALTER TABLE `countries` ENABLE KEYS */;
UNLOCK TABLES;

--
-- Table structure for table `friendship_statuses`
--

DROP TABLE IF EXISTS `friendship_statuses`;
/*!40101 SET @saved_cs_client     = @@character_set_client */;
/*!40101 SET character_set_client = utf8 */;
CREATE TABLE `friendship_statuses` (
  `id` int unsigned NOT NULL AUTO_INCREMENT COMMENT 'Идентификатор строки',
  `name` varchar(150) CHARACTER SET utf8 COLLATE utf8_unicode_ci NOT NULL COMMENT 'Название статуса',
  `created_at` datetime DEFAULT CURRENT_TIMESTAMP COMMENT 'Время создания строки',
  `updated_at` datetime DEFAULT CURRENT_TIMESTAMP ON UPDATE CURRENT_TIMESTAMP COMMENT 'Время обновления строки',
  PRIMARY KEY (`id`),
  UNIQUE KEY `name` (`name`)
) ENGINE=InnoDB AUTO_INCREMENT=4 DEFAULT CHARSET=utf8 COLLATE=utf8_unicode_ci COMMENT='Статусы дружбы';
/*!40101 SET character_set_client = @saved_cs_client */;

--
-- Dumping data for table `friendship_statuses`
--

LOCK TABLES `friendship_statuses` WRITE;
/*!40000 ALTER TABLE `friendship_statuses` DISABLE KEYS */;
INSERT INTO `friendship_statuses` VALUES (1,'Requested','2020-10-22 17:20:30','2020-10-22 17:20:30'),(2,'Confirmed','2020-10-22 17:20:30','2020-10-22 17:20:30'),(3,'Rejected','2020-10-22 17:20:30','2020-10-22 17:20:30');
/*!40000 ALTER TABLE `friendship_statuses` ENABLE KEYS */;
UNLOCK TABLES;

--
-- Table structure for table `friendships`
--

DROP TABLE IF EXISTS `friendships`;
/*!40101 SET @saved_cs_client     = @@character_set_client */;
/*!40101 SET character_set_client = utf8 */;
CREATE TABLE `friendships` (
  `user_id` int unsigned NOT NULL COMMENT 'Ссылка на инициатора дружеских отношений',
  `friend_id` int unsigned NOT NULL COMMENT 'Ссылка на получателя приглашения дружить',
  `status_id` int unsigned NOT NULL COMMENT 'Ссылка на статус (текущее состояние) отношений',
  `confirmed_at` datetime DEFAULT NULL COMMENT 'Время подтверждения приглашения',
  `created_at` datetime DEFAULT CURRENT_TIMESTAMP COMMENT 'Время создания строки',
  `updated_at` datetime DEFAULT CURRENT_TIMESTAMP ON UPDATE CURRENT_TIMESTAMP COMMENT 'Время обновления строки',
  PRIMARY KEY (`user_id`,`friend_id`) COMMENT 'Составной первичный ключ'
) ENGINE=InnoDB DEFAULT CHARSET=utf8 COLLATE=utf8_unicode_ci COMMENT='Таблица дружбы';
/*!40101 SET character_set_client = @saved_cs_client */;

--
-- Dumping data for table `friendships`
--

LOCK TABLES `friendships` WRITE;
/*!40000 ALTER TABLE `friendships` DISABLE KEYS */;
INSERT INTO `friendships` VALUES (1,58,2,'2011-02-17 23:43:23','1970-08-11 17:46:14','2020-10-22 17:22:02'),(2,68,2,'2010-02-18 23:45:29','2014-11-07 00:50:11','2020-10-17 17:59:39'),(3,93,3,'1984-08-12 11:12:56','1997-12-27 09:32:18','2020-10-22 17:22:02'),(3,100,3,'2002-04-12 17:31:31','1986-06-02 22:06:12','2020-10-22 17:22:02'),(4,18,3,'1976-03-10 08:30:42','1998-03-25 04:04:39','2020-10-22 17:22:02'),(9,36,3,'1973-02-25 23:57:22','1993-01-03 07:35:49','2020-10-22 17:22:02'),(11,33,1,'1985-11-10 23:09:47','2009-08-02 14:11:01','2009-05-14 10:35:40'),(12,11,3,'1975-03-30 09:48:02','1978-12-09 08:52:48','2020-10-22 17:22:02'),(12,22,1,'2018-09-24 06:24:40','2004-07-13 19:25:54','2020-10-22 17:22:02'),(13,3,2,'1979-10-09 07:35:17','1983-10-25 17:39:37','2020-10-22 17:22:02'),(13,61,2,'1976-10-07 03:54:38','1998-04-28 12:39:33','2020-10-22 17:22:02'),(14,68,2,'1999-12-09 06:01:54','1998-10-30 04:19:45','2020-10-17 17:59:40'),(15,46,2,'2012-03-03 22:51:52','2004-12-20 13:52:56','2020-10-17 17:59:40'),(16,13,2,'2017-08-05 07:14:02','2005-02-08 18:30:31','2020-10-22 17:22:02'),(16,46,1,'2019-07-17 15:27:13','1991-06-10 05:24:01','2020-10-22 17:22:02'),(16,65,2,'2006-09-17 00:21:00','1975-07-01 14:39:34','2020-10-17 17:59:40'),(19,53,1,'2006-03-06 00:58:06','1984-04-13 05:05:30','2020-10-22 17:22:02'),(19,97,2,'2010-03-28 19:57:57','1996-11-03 22:37:18','2020-10-17 17:59:40'),(22,30,2,'1984-09-13 00:38:06','2003-01-15 17:00:05','2020-10-17 17:59:40'),(22,99,3,'1999-06-28 04:22:32','2015-04-25 16:52:33','2020-10-22 17:22:02'),(24,24,2,'1994-10-03 06:47:59','1976-06-23 20:22:20','2020-10-22 17:22:02'),(25,90,2,'1993-04-23 15:56:21','2005-02-06 02:50:18','2020-10-17 17:59:40'),(27,40,1,'2019-02-28 19:35:56','1992-02-07 01:15:03','2008-06-23 08:28:53'),(28,78,2,'2008-08-21 12:20:15','2013-05-29 06:16:21','2020-10-17 17:59:40'),(28,96,2,'1971-11-26 17:21:19','1970-07-17 19:51:32','2020-10-17 17:59:40'),(28,98,2,'1998-03-01 11:33:56','1987-01-16 04:19:20','2020-10-22 17:22:02'),(29,53,3,'1979-10-05 06:35:27','1990-07-13 22:28:51','2020-10-22 17:22:02'),(30,62,3,'2017-01-13 08:58:10','1999-04-12 22:34:26','2020-10-22 17:22:02'),(32,2,2,'1979-10-09 07:35:17','1983-10-25 17:39:37','2020-10-22 17:22:02'),(33,8,1,'2020-03-09 03:03:36','1977-07-07 01:06:04','1971-05-24 17:32:35'),(33,78,1,'2013-10-22 10:10:54','1970-05-16 16:25:41','2020-10-22 17:22:02'),(35,64,2,'1991-07-13 04:49:44','2001-11-21 15:17:24','2020-10-17 17:59:40'),(37,42,2,'2000-02-03 01:02:46','2004-11-16 07:18:04','2020-10-17 17:59:40'),(38,47,1,'2016-11-29 02:33:48','2020-04-21 11:35:33','1973-04-11 02:05:23'),(38,72,1,'1996-04-29 13:34:01','1970-06-15 22:12:35','2020-10-22 17:22:02'),(39,95,1,'1987-10-01 19:02:08','1976-07-25 22:37:34','2020-10-22 17:22:02'),(40,58,3,'2010-08-24 19:34:34','1973-12-02 23:04:20','2020-10-22 17:22:02'),(41,15,2,'1988-11-23 16:59:26','2013-06-22 13:48:33','2020-10-22 17:22:02'),(41,17,3,'1976-01-11 09:39:48','2010-02-18 22:34:44','2020-10-22 17:22:02'),(41,59,3,'1979-06-13 15:58:18','1995-12-26 21:19:15','2020-10-22 17:22:02'),(41,75,1,'1991-10-17 18:31:08','1988-05-23 00:43:52','1992-07-30 02:57:36'),(41,77,1,'2009-10-31 00:11:17','1999-12-02 22:28:40','2020-10-22 17:22:02'),(43,33,1,'1975-02-12 02:35:59','1977-07-14 15:03:12','2020-10-22 17:22:02'),(44,15,3,'1977-09-15 23:25:40','1976-11-25 08:05:57','2020-10-22 17:22:02'),(44,19,3,'2018-08-05 08:19:22','1980-08-26 04:20:06','2020-10-22 17:22:02'),(45,7,3,'1995-10-16 07:29:21','1990-09-21 10:25:29','2020-10-22 17:22:02'),(46,90,1,'2001-07-04 22:04:27','1999-03-03 20:02:28','2008-09-05 22:31:59'),(47,36,3,'2016-05-28 10:53:40','2013-01-26 07:22:19','2020-10-22 17:22:02'),(47,94,3,'1991-10-24 15:48:37','2018-12-24 07:27:23','2020-10-22 17:22:02'),(48,10,3,'2020-08-12 17:01:08','1970-10-21 14:41:19','2020-10-22 17:22:02'),(48,20,2,'1999-06-07 04:35:52','2005-01-07 04:01:52','2020-10-22 17:22:02'),(48,50,2,'2019-05-13 20:12:31','1971-07-28 14:38:59','2020-10-17 17:59:39'),(48,56,3,'1999-03-13 02:23:49','1994-05-25 08:41:11','2020-10-22 17:22:02'),(48,80,3,'2007-07-29 08:35:16','2020-08-13 23:06:41','2020-10-22 17:22:02'),(48,99,3,'1999-07-09 02:25:42','1979-09-02 19:27:56','2020-10-22 17:22:02'),(49,74,3,'1978-11-11 09:36:45','1970-03-24 20:00:48','2020-10-22 17:22:02'),(49,89,2,'1984-11-21 17:04:58','1996-04-17 16:41:29','2020-10-17 17:59:38'),(51,71,1,'1972-10-03 21:11:16','2017-05-02 15:13:12','2011-01-30 20:23:16'),(51,87,3,'1990-01-21 22:06:53','1980-08-08 11:41:47','2020-10-22 17:22:02'),(53,26,1,'1991-09-22 17:31:10','1990-05-08 16:58:08','1980-04-30 12:40:21'),(55,11,3,'2013-04-12 00:27:11','1970-05-01 14:53:54','2020-10-22 17:22:02'),(55,20,3,'1983-02-26 07:37:19','1981-09-08 10:02:19','2020-10-22 17:22:02'),(55,95,3,'2002-04-21 05:35:38','1993-08-03 18:10:43','2020-10-22 17:22:02'),(56,71,2,'1992-03-31 17:50:17','1976-06-20 22:59:44','2020-10-22 17:22:02'),(57,32,2,'1997-11-21 20:18:20','2001-03-19 13:18:33','2020-10-22 17:22:02'),(58,79,3,'1974-01-05 10:23:25','1973-02-02 05:53:24','2020-10-22 17:22:02'),(59,4,3,'1996-01-29 03:44:37','1984-04-28 17:33:09','2020-10-22 17:22:02'),(60,19,3,'2011-03-01 07:37:41','1992-10-27 22:50:15','2020-10-22 17:22:02'),(61,56,1,'1978-11-18 21:36:23','1997-09-06 11:13:38','2020-10-22 17:22:02'),(62,75,1,'1985-11-26 03:45:30','1979-01-19 22:07:23','2020-10-22 17:22:02'),(64,93,2,'2001-10-17 16:26:04','2007-09-27 12:13:40','2020-10-22 17:22:02'),(65,33,3,'1990-05-23 01:16:30','2016-07-11 12:30:36','2020-10-22 17:22:02'),(65,84,2,'1997-07-09 23:01:28','2017-10-25 03:26:27','2020-10-22 17:22:02'),(66,99,2,'2007-02-24 00:28:20','1970-10-23 19:47:18','2020-10-17 17:59:39'),(67,10,2,'1973-01-18 07:14:26','2005-04-05 16:45:34','2020-10-22 17:22:02'),(70,41,2,'1970-10-23 23:03:32','2003-09-23 23:55:43','2020-10-17 17:59:39'),(72,15,2,'2016-09-21 03:22:30','2018-11-17 19:04:55','2020-10-17 17:59:39'),(72,23,3,'1973-12-16 21:47:44','2004-07-15 06:52:31','2020-10-22 17:22:02'),(75,83,1,'1996-07-05 13:41:49','1981-12-26 03:18:29','2020-10-22 17:22:02'),(76,95,1,'2001-06-10 12:37:01','2018-01-02 17:29:06','2020-10-22 17:22:02'),(79,23,2,'2005-04-25 14:16:23','1989-08-03 14:29:56','2020-10-22 17:22:02'),(80,7,1,'1993-05-17 11:39:19','1995-07-02 12:54:01','2020-10-22 17:22:02'),(80,14,2,'1977-12-02 19:41:22','1994-09-09 05:43:24','2020-10-22 17:22:02'),(80,34,1,'1978-06-15 10:08:37','1992-10-06 17:26:11','2020-10-22 17:22:02'),(81,54,3,'1990-02-09 10:32:14','2004-05-04 18:15:07','2020-10-22 17:22:02'),(82,19,1,'2010-09-11 13:03:58','2012-02-26 06:43:36','1988-06-09 17:14:33'),(82,100,1,'1989-07-29 15:30:54','2007-10-04 02:33:33','1981-12-31 21:39:52'),(83,13,1,'1998-06-15 11:30:23','2015-04-27 10:14:44','1992-10-26 01:03:04'),(84,15,1,'2016-10-22 05:44:22','2014-06-22 03:49:18','2020-10-22 17:22:02'),(85,66,3,'2020-08-24 13:57:49','1986-01-03 02:49:44','2020-10-22 17:22:02'),(85,78,3,'1981-07-29 07:45:07','2004-01-03 23:44:43','2020-10-22 17:22:02'),(88,8,3,'2014-09-11 14:14:56','2017-05-13 18:51:00','2020-10-22 17:22:02'),(91,28,1,'1984-08-08 04:10:52','1997-11-19 04:34:30','1976-07-21 10:01:19'),(93,32,1,'1979-10-09 07:35:17','1983-10-25 17:39:37','2003-03-15 12:29:08'),(93,82,2,'2000-04-15 00:17:51','1993-04-26 11:57:15','2020-10-22 17:22:02'),(94,34,1,'2008-03-10 06:30:41','2011-12-26 07:52:00','2020-10-22 17:22:02'),(94,79,1,'2002-12-15 01:57:45','1974-05-03 01:00:23','2020-10-22 17:22:02'),(95,74,2,'1996-09-20 08:52:07','2012-06-28 14:56:03','2020-10-17 17:59:39'),(97,27,2,'2014-10-25 20:18:56','2003-02-17 13:43:02','2020-10-17 17:59:39'),(100,89,3,'1979-10-09 07:35:17','1983-10-25 17:39:37','2020-10-22 17:22:02');
/*!40000 ALTER TABLE `friendships` ENABLE KEYS */;
UNLOCK TABLES;

--
-- Table structure for table `media`
--

DROP TABLE IF EXISTS `media`;
/*!40101 SET @saved_cs_client     = @@character_set_client */;
/*!40101 SET character_set_client = utf8 */;
CREATE TABLE `media` (
  `id` int unsigned NOT NULL AUTO_INCREMENT COMMENT 'Идентификатор строки',
  `user_id` int unsigned NOT NULL COMMENT 'Ссылка на пользователя, который загрузил файл',
  `filename` varchar(255) CHARACTER SET utf8 COLLATE utf8_unicode_ci NOT NULL COMMENT 'Путь к файлу',
  `size` float NOT NULL COMMENT 'Размер файла',
  `metadata` json DEFAULT NULL,
  `media_type_id` int unsigned NOT NULL COMMENT 'Ссылка на тип контента',
  `created_at` datetime DEFAULT CURRENT_TIMESTAMP COMMENT 'Время создания строки',
  `updated_at` datetime DEFAULT CURRENT_TIMESTAMP ON UPDATE CURRENT_TIMESTAMP COMMENT 'Время обновления строки',
  PRIMARY KEY (`id`),
  CONSTRAINT `media_chk_1` CHECK (json_valid(`metadata`))
) ENGINE=InnoDB AUTO_INCREMENT=101 DEFAULT CHARSET=utf8 COLLATE=utf8_unicode_ci COMMENT='Медиафайлы';
/*!40101 SET character_set_client = @saved_cs_client */;

--
-- Dumping data for table `media`
--

LOCK TABLES `media` WRITE;
/*!40000 ALTER TABLE `media` DISABLE KEYS */;
INSERT INTO `media` VALUES (1,22,'http://dropbox.net/vk/Cummerata.mpeg',1499820,'{\"owner\": \"Davion Price\"}',5,'2020-02-25 01:10:53','2020-10-22 17:13:25'),(2,78,'http://dropbox.net/vk/Haley.png',5898530,'{\"owner\": \"Terrell Kunde\"}',3,'1989-08-14 13:14:27','2020-10-22 17:13:25'),(3,51,'http://dropbox.net/vk/Herman.png',4898640,'{\"owner\": \"Emelie Mosciski\"}',5,'2007-07-02 11:30:34','2020-10-22 17:13:25'),(4,39,'http://dropbox.net/vk/Ward.avi',6703100,'{\"owner\": \"Alejandrin Jenkins\"}',4,'2004-10-10 03:14:21','2020-10-22 17:13:25'),(5,6,'http://dropbox.net/vk/O\'Connell.jpeg',8725020,'{\"owner\": \"Joyce Marks\"}',1,'2006-07-03 01:41:54','2020-10-22 17:13:25'),(6,47,'http://dropbox.net/vk/Zboncak.mpeg',3421250,'{\"owner\": \"Alec Deckow\"}',2,'1997-02-27 01:40:59','2020-10-22 17:13:25'),(7,76,'http://dropbox.net/vk/D\'Amore.png',836686,'{\"owner\": \"Jude Eichmann\"}',2,'2009-09-15 19:57:39','2020-10-22 17:13:25'),(8,48,'http://dropbox.net/vk/D\'Amore.jpeg',3825150,'{\"owner\": \"Alverta Haley\"}',1,'1980-04-21 13:40:38','2020-10-22 17:13:25'),(9,14,'http://dropbox.net/vk/Block.jpeg',6521140,'{\"owner\": \"Marielle O\'Connell\"}',4,'1983-12-11 10:55:50','2020-10-22 17:13:25'),(10,66,'http://dropbox.net/vk/Mosciski.mpeg',1035730,'{\"owner\": \"Zena Jacobs\"}',5,'1995-08-20 19:18:19','2020-10-22 17:13:25'),(11,67,'http://dropbox.net/vk/Schamberger.avi',5520710,'{\"owner\": \"Elena Crona\"}',3,'2015-08-21 06:38:54','2020-10-22 17:13:25'),(12,35,'http://dropbox.net/vk/Hand.jpeg',4401820,'{\"owner\": \"Gerson Shields\"}',5,'2000-07-19 10:52:16','2020-10-22 17:13:25'),(13,83,'http://dropbox.net/vk/Turner.avi',5352450,'{\"owner\": \"Lessie Kessler\"}',1,'1990-01-22 18:42:49','2020-10-22 17:13:25'),(14,77,'http://dropbox.net/vk/Haley.avi',3462230,'{\"owner\": \"Wendell Reynolds\"}',3,'2019-07-10 06:48:10','2020-10-22 17:13:25'),(15,46,'http://dropbox.net/vk/Bruen.avi',1159300,'{\"owner\": \"Hildegard Hilpert\"}',5,'1999-06-18 23:45:13','2020-10-22 17:13:25'),(16,39,'http://dropbox.net/vk/Farrell.mpeg',5315250,'{\"owner\": \"Alejandrin Jenkins\"}',2,'2007-04-02 20:56:08','2020-10-22 17:13:25'),(17,10,'http://dropbox.net/vk/Wiza.jpeg',3003830,'{\"owner\": \"Aletha Haley\"}',3,'2016-08-18 12:39:54','2020-10-22 17:13:25'),(18,91,'http://dropbox.net/vk/Gutmann.jpeg',8978880,'{\"owner\": \"Patrick Green\"}',4,'1990-09-20 07:48:23','2020-10-22 17:13:25'),(19,73,'http://dropbox.net/vk/Cummerata.png',5788360,'{\"owner\": \"Misty Green\"}',1,'1977-08-17 14:29:35','2020-10-22 17:13:25'),(20,71,'http://dropbox.net/vk/Halvorson.mpeg',1910620,'{\"owner\": \"Rosina Medhurst\"}',3,'1986-03-13 12:24:08','2020-10-22 17:13:25'),(21,81,'http://dropbox.net/vk/Wintheiser.mpeg',2093510,'{\"owner\": \"Jerald Ondricka\"}',3,'2016-04-11 05:03:25','2020-10-22 17:13:25'),(22,34,'http://dropbox.net/vk/Kilback.png',4641170,'{\"owner\": \"Abelardo Block\"}',4,'1974-04-12 20:41:55','2020-10-22 17:13:25'),(23,18,'http://dropbox.net/vk/O\'Conner.avi',6830760,'{\"owner\": \"Carroll Schamberger\"}',2,'2017-08-01 14:46:29','2020-10-22 17:13:25'),(24,96,'http://dropbox.net/vk/Zboncak.png',135779,'{\"owner\": \"Maverick Koch\"}',2,'1988-03-24 16:31:06','2020-10-22 17:13:25'),(25,31,'http://dropbox.net/vk/Hand.avi',10092100,'{\"owner\": \"Shanon D\'Amore\"}',1,'2010-09-28 13:40:24','2020-10-22 17:13:25'),(26,97,'http://dropbox.net/vk/Hills.png',9958520,'{\"owner\": \"Madge Zieme\"}',4,'1972-07-16 22:42:32','2020-10-22 17:13:25'),(27,11,'http://dropbox.net/vk/Rau.mpeg',9421840,'{\"owner\": \"Damion Donnelly\"}',5,'2012-04-17 09:30:21','2020-10-22 17:13:25'),(28,55,'http://dropbox.net/vk/Keebler.avi',7139080,'{\"owner\": \"Eliza Auer\"}',5,'2004-08-10 18:35:01','2020-10-22 17:13:25'),(29,56,'http://dropbox.net/vk/Cummerata.mpeg',7335360,'{\"owner\": \"Sven Cole\"}',3,'2019-04-24 15:08:27','2020-10-22 17:13:25'),(30,56,'http://dropbox.net/vk/Hauck.avi',5165010,'{\"owner\": \"Sven Cole\"}',4,'1980-09-07 21:45:46','2020-10-22 17:13:25'),(31,93,'http://dropbox.net/vk/Von.png',3724440,'{\"owner\": \"Jaylan Stiedemann\"}',5,'1995-11-18 18:50:58','2020-10-22 17:13:25'),(32,91,'http://dropbox.net/vk/Hauck.mpeg',3032670,'{\"owner\": \"Patrick Green\"}',1,'2013-01-09 23:01:03','2020-10-22 17:13:25'),(33,91,'http://dropbox.net/vk/Kertzmann.mpeg',3895480,'{\"owner\": \"Patrick Green\"}',4,'2003-01-04 15:50:41','2020-10-22 17:13:25'),(34,25,'http://dropbox.net/vk/Torphy.png',284870,'{\"owner\": \"Alexandrine Cartwright\"}',2,'2006-11-11 00:33:02','2020-10-22 17:13:25'),(35,42,'http://dropbox.net/vk/Farrell.jpeg',9643370,'{\"owner\": \"Oswald Heathcote\"}',4,'1992-03-15 00:50:22','2020-10-22 17:13:25'),(36,64,'http://dropbox.net/vk/Renner.png',7267720,'{\"owner\": \"Ezequiel Runolfsdottir\"}',1,'2016-05-04 06:03:23','2020-10-22 17:13:25'),(37,36,'http://dropbox.net/vk/Stiedemann.png',7313950,'{\"owner\": \"Reed Kozey\"}',3,'1970-04-01 23:46:53','2020-10-22 17:13:25'),(38,80,'http://dropbox.net/vk/Corkery.png',4672060,'{\"owner\": \"Lisa Bernhard\"}',5,'1996-03-24 04:17:10','2020-10-22 17:13:25'),(39,3,'http://dropbox.net/vk/Mayer.mpeg',1323910,'{\"owner\": \"Nelda D\'Amore\"}',5,'2002-08-30 04:49:42','2020-10-22 17:13:25'),(40,3,'http://dropbox.net/vk/Wintheiser.png',2508840,'{\"owner\": \"Nelda D\'Amore\"}',5,'2012-09-12 22:59:50','2020-10-22 17:13:25'),(41,65,'http://dropbox.net/vk/Bernhard.mpeg',8477950,'{\"owner\": \"Kelton Wilkinson\"}',1,'1980-01-16 18:30:20','2020-10-22 17:13:25'),(42,60,'http://dropbox.net/vk/Baumbach.avi',4768690,'{\"owner\": \"Sage Lindgren\"}',4,'2015-07-30 22:58:28','2020-10-22 17:13:25'),(43,100,'http://dropbox.net/vk/Ziemann.avi',8315070,'{\"owner\": \"Maiya Turner\"}',2,'2018-05-04 12:46:49','2020-10-22 17:13:25'),(44,72,'http://dropbox.net/vk/Marks.jpeg',7174740,'{\"owner\": \"Janick Keebler\"}',5,'1982-04-04 03:11:44','2020-10-22 17:13:25'),(45,91,'http://dropbox.net/vk/Donnelly.png',833939,'{\"owner\": \"Patrick Green\"}',3,'2019-08-24 22:43:19','2020-10-22 17:13:25'),(46,41,'http://dropbox.net/vk/Schamberger.avi',2550960,'{\"owner\": \"Elaina Bradtke\"}',4,'1983-02-11 09:18:07','2020-10-22 17:13:25'),(47,85,'http://dropbox.net/vk/O\'Keefe.mpeg',158466,'{\"owner\": \"Alejandrin Torp\"}',5,'2011-05-23 07:52:23','2020-10-22 17:13:25'),(48,22,'http://dropbox.net/vk/Bradtke.mpeg',3044910,'{\"owner\": \"Davion Price\"}',4,'2009-06-29 18:37:59','2020-10-22 17:13:25'),(49,25,'http://dropbox.net/vk/Hills.jpeg',4654610,'{\"owner\": \"Alexandrine Cartwright\"}',1,'1997-12-08 06:39:32','2020-10-22 17:13:25'),(50,89,'http://dropbox.net/vk/Koch.mpeg',4043810,'{\"owner\": \"Jayson Gutmann\"}',4,'1970-12-24 19:45:10','2020-10-22 17:13:25'),(51,90,'http://dropbox.net/vk/Wilkinson.mpeg',6160690,'{\"owner\": \"Brock Bruen\"}',1,'1991-06-19 07:31:12','2020-10-22 17:13:25'),(52,2,'http://dropbox.net/vk/West.png',8577460,'{\"owner\": \"Minnie Corkery\"}',1,'1976-10-21 06:03:02','2020-10-22 17:13:25'),(53,2,'http://dropbox.net/vk/Gutmann.png',4310720,'{\"owner\": \"Minnie Corkery\"}',2,'1981-02-17 08:17:52','2020-10-22 17:13:25'),(54,72,'http://dropbox.net/vk/Hirthe.png',5726700,'{\"owner\": \"Janick Keebler\"}',5,'1982-08-02 00:22:18','2020-10-22 17:13:25'),(55,68,'http://dropbox.net/vk/Bradtke.jpeg',5606810,'{\"owner\": \"Curt Schulist\"}',2,'2001-03-24 04:17:52','2020-10-22 17:13:25'),(56,42,'http://dropbox.net/vk/D\'Amore.jpeg',759406,'{\"owner\": \"Oswald Heathcote\"}',3,'1992-06-23 20:24:09','2020-10-22 17:13:25'),(57,21,'http://dropbox.net/vk/Torp.jpeg',6882070,'{\"owner\": \"Jeffry Mayer\"}',1,'1975-09-13 12:55:43','2020-10-22 17:13:25'),(58,82,'http://dropbox.net/vk/D\'Amore.avi',2037610,'{\"owner\": \"Luz Corkery\"}',4,'2015-05-07 01:43:22','2020-10-22 17:13:25'),(59,29,'http://dropbox.net/vk/Mayer.avi',9447320,'{\"owner\": \"Carissa Torphy\"}',3,'2001-10-03 03:26:09','2020-10-22 17:13:25'),(60,6,'http://dropbox.net/vk/Medhurst.jpeg',1029230,'{\"owner\": \"Joyce Marks\"}',2,'1992-07-10 21:20:37','2020-10-22 17:13:25'),(61,43,'http://dropbox.net/vk/Mosciski.mpeg',6709660,'{\"owner\": \"Cathryn Farrell\"}',5,'1980-02-08 09:34:27','2020-10-22 17:13:25'),(62,26,'http://dropbox.net/vk/Kozey.png',366053,'{\"owner\": \"Tyree Hagenes\"}',3,'2010-01-21 19:31:41','2020-10-22 17:13:25'),(63,27,'http://dropbox.net/vk/D\'Amore.mpeg',1606770,'{\"owner\": \"Isac Thiel\"}',4,'1997-10-09 05:00:01','2020-10-22 17:13:25'),(64,2,'http://dropbox.net/vk/Schamberger.jpeg',6841170,'{\"owner\": \"Minnie Corkery\"}',2,'2012-12-18 00:51:42','2020-10-22 17:13:25'),(65,20,'http://dropbox.net/vk/Ziemann.mpeg',9290990,'{\"owner\": \"Estrella Okuneva\"}',5,'2014-01-22 06:58:26','2020-10-22 17:13:25'),(66,97,'http://dropbox.net/vk/Corkery.avi',5836910,'{\"owner\": \"Madge Zieme\"}',4,'2002-09-01 06:41:56','2020-10-22 17:13:25'),(67,45,'http://dropbox.net/vk/Crona.avi',1217040,'{\"owner\": \"Sylvia Renner\"}',1,'1993-01-03 09:38:48','2020-10-22 17:13:25'),(68,5,'http://dropbox.net/vk/Price.avi',8479930,'{\"owner\": \"Genoveva Ward\"}',1,'2011-05-31 10:12:53','2020-10-22 17:13:25'),(69,6,'http://dropbox.net/vk/Block.avi',8653990,'{\"owner\": \"Joyce Marks\"}',3,'1982-05-14 14:03:00','2020-10-22 17:13:25'),(70,41,'http://dropbox.net/vk/Haley.png',7735630,'{\"owner\": \"Elaina Bradtke\"}',5,'1986-02-28 05:56:39','2020-10-22 17:13:25'),(71,32,'http://dropbox.net/vk/Jenkins.avi',2621640,'{\"owner\": \"Kariane Padberg\"}',3,'2007-05-04 22:21:13','2020-10-22 17:13:25'),(72,17,'http://dropbox.net/vk/Price.png',9806800,'{\"owner\": \"Claire Haley\"}',5,'1971-01-02 06:23:15','2020-10-22 17:13:25'),(73,45,'http://dropbox.net/vk/Medhurst.jpeg',1074520,'{\"owner\": \"Sylvia Renner\"}',4,'2005-09-04 09:01:51','2020-10-22 17:13:25'),(74,64,'http://dropbox.net/vk/Marks.png',5857680,'{\"owner\": \"Ezequiel Runolfsdottir\"}',4,'1985-01-17 20:00:29','2020-10-22 17:13:25'),(75,72,'http://dropbox.net/vk/Goyette.jpeg',5970290,'{\"owner\": \"Janick Keebler\"}',1,'1979-06-21 23:19:22','2020-10-22 17:13:25'),(76,58,'http://dropbox.net/vk/Block.avi',2183900,'{\"owner\": \"Franco Jerde\"}',3,'1981-03-14 18:40:06','2020-10-22 17:13:25'),(77,63,'http://dropbox.net/vk/Block.avi',2914070,'{\"owner\": \"Gilda Eichmann\"}',2,'2003-11-19 20:26:17','2020-10-22 17:13:25'),(78,40,'http://dropbox.net/vk/Hauck.png',7924140,'{\"owner\": \"Lorena Kertzmann\"}',3,'2009-02-03 20:01:33','2020-10-22 17:13:25'),(79,14,'http://dropbox.net/vk/Ondricka.jpeg',783946,'{\"owner\": \"Marielle O\'Connell\"}',3,'2017-01-27 12:36:53','2020-10-22 17:13:25'),(80,9,'http://dropbox.net/vk/Beier.avi',10052800,'{\"owner\": \"Meagan Langworth\"}',4,'1990-02-25 11:16:56','2020-10-22 17:13:25'),(81,77,'http://dropbox.net/vk/Hirthe.png',7817550,'{\"owner\": \"Wendell Reynolds\"}',3,'2019-10-10 06:06:18','2020-10-22 17:13:25'),(82,46,'http://dropbox.net/vk/Herman.mpeg',8834870,'{\"owner\": \"Hildegard Hilpert\"}',4,'2003-08-02 23:50:53','2020-10-22 17:13:25'),(83,5,'http://dropbox.net/vk/Hauck.mpeg',627148,'{\"owner\": \"Genoveva Ward\"}',5,'1982-01-10 01:03:21','2020-10-22 17:13:25'),(84,70,'http://dropbox.net/vk/Block.jpeg',6536610,'{\"owner\": \"Mario Von\"}',4,'1985-06-08 19:44:55','2020-10-22 17:13:25'),(85,47,'http://dropbox.net/vk/Kertzmann.jpeg',707078,'{\"owner\": \"Alec Deckow\"}',4,'1972-07-19 19:45:46','2020-10-22 17:13:25'),(86,92,'http://dropbox.net/vk/Hand.mpeg',3831030,'{\"owner\": \"Burdette Wiza\"}',1,'2010-11-11 04:53:33','2020-10-22 17:13:25'),(87,39,'http://dropbox.net/vk/Jacobs.png',6939380,'{\"owner\": \"Alejandrin Jenkins\"}',2,'2002-12-01 06:31:18','2020-10-22 17:13:25'),(88,43,'http://dropbox.net/vk/Eichmann.png',3109260,'{\"owner\": \"Cathryn Farrell\"}',3,'2001-07-02 01:27:31','2020-10-22 17:13:25'),(89,53,'http://dropbox.net/vk/Mosciski.avi',4633620,'{\"owner\": \"Anika Mueller\"}',3,'2018-05-26 04:54:58','2020-10-22 17:13:25'),(90,44,'http://dropbox.net/vk/Bradtke.mpeg',3745800,'{\"owner\": \"Dannie Halvorson\"}',1,'1973-01-03 02:20:12','2020-10-22 17:13:25'),(91,90,'http://dropbox.net/vk/Corkery.jpeg',4733620,'{\"owner\": \"Brock Bruen\"}',1,'1998-02-26 16:40:13','2020-10-22 17:13:25'),(92,16,'http://dropbox.net/vk/Mueller.avi',2336180,'{\"owner\": \"Guy Wehner\"}',4,'2006-03-28 20:54:02','2020-10-22 17:13:25'),(93,98,'http://dropbox.net/vk/Schulist.jpeg',7385510,'{\"owner\": \"Marc Rau\"}',2,'2008-11-13 20:10:00','2020-10-22 17:13:25'),(94,80,'http://dropbox.net/vk/Jakubowski.jpeg',9824460,'{\"owner\": \"Lisa Bernhard\"}',4,'2001-12-23 14:14:15','2020-10-22 17:13:25'),(95,61,'http://dropbox.net/vk/Jakubowski.png',6871260,'{\"owner\": \"Damion Hand\"}',5,'1984-01-13 07:43:00','2020-10-22 17:13:25'),(96,56,'http://dropbox.net/vk/Block.png',4788380,'{\"owner\": \"Sven Cole\"}',5,'2003-06-16 00:13:24','2020-10-22 17:13:25'),(97,51,'http://dropbox.net/vk/Bruen.jpeg',3233590,'{\"owner\": \"Emelie Mosciski\"}',3,'2001-08-05 00:43:42','2020-10-22 17:13:25'),(98,47,'http://dropbox.net/vk/Eichmann.avi',1708280,'{\"owner\": \"Alec Deckow\"}',1,'1972-05-01 12:32:54','2020-10-22 17:13:25'),(99,78,'http://dropbox.net/vk/Ondricka.avi',8746110,'{\"owner\": \"Terrell Kunde\"}',3,'2015-02-22 17:34:16','2020-10-22 17:13:25'),(100,67,'http://dropbox.net/vk/Langworth.mpeg',8511180,'{\"owner\": \"Elena Crona\"}',3,'1978-06-28 01:05:58','2020-10-22 17:13:25');
/*!40000 ALTER TABLE `media` ENABLE KEYS */;
UNLOCK TABLES;

--
-- Table structure for table `media_types`
--

DROP TABLE IF EXISTS `media_types`;
/*!40101 SET @saved_cs_client     = @@character_set_client */;
/*!40101 SET character_set_client = utf8 */;
CREATE TABLE `media_types` (
  `id` int unsigned NOT NULL AUTO_INCREMENT COMMENT 'Идентификатор строки',
  `name` varchar(255) CHARACTER SET utf8 COLLATE utf8_unicode_ci NOT NULL COMMENT 'Название типа',
  `created_at` datetime DEFAULT CURRENT_TIMESTAMP COMMENT 'Время создания строки',
  `updated_at` datetime DEFAULT CURRENT_TIMESTAMP ON UPDATE CURRENT_TIMESTAMP COMMENT 'Время обновления строки',
  PRIMARY KEY (`id`),
  UNIQUE KEY `name` (`name`)
) ENGINE=InnoDB AUTO_INCREMENT=6 DEFAULT CHARSET=utf8 COLLATE=utf8_unicode_ci COMMENT='Типы медиафайлов';
/*!40101 SET character_set_client = @saved_cs_client */;

--
-- Dumping data for table `media_types`
--

LOCK TABLES `media_types` WRITE;
/*!40000 ALTER TABLE `media_types` DISABLE KEYS */;
INSERT INTO `media_types` VALUES (1,'music','1992-10-27 22:43:07','2020-10-16 19:20:02'),(2,'video','1990-06-08 10:39:03','2020-10-16 19:20:29'),(3,'photo','2015-05-08 07:12:05','2020-10-16 19:20:29'),(4,'image','1998-01-10 18:01:01','2020-10-16 19:20:51'),(5,'doc','1988-07-12 21:29:52','2020-10-16 19:21:22');
/*!40000 ALTER TABLE `media_types` ENABLE KEYS */;
UNLOCK TABLES;

--
-- Table structure for table `messages`
--

DROP TABLE IF EXISTS `messages`;
/*!40101 SET @saved_cs_client     = @@character_set_client */;
/*!40101 SET character_set_client = utf8 */;
CREATE TABLE `messages` (
  `id` int unsigned NOT NULL AUTO_INCREMENT COMMENT 'Идентификатор строки',
  `from_user_id` int unsigned NOT NULL COMMENT 'Ссылка на отправителя сообщения',
  `to_user_id` int unsigned NOT NULL COMMENT 'Ссылка на получателя сообщения',
  `body` text CHARACTER SET utf8 COLLATE utf8_unicode_ci NOT NULL COMMENT 'Текст сообщения',
  `is_important` tinyint(1) DEFAULT NULL COMMENT 'Признак важности',
  `is_delivered` tinyint(1) DEFAULT NULL COMMENT 'Признак доставки',
  `created_at` datetime DEFAULT CURRENT_TIMESTAMP COMMENT 'Время создания строки',
  `updated_at` datetime DEFAULT CURRENT_TIMESTAMP ON UPDATE CURRENT_TIMESTAMP COMMENT 'Время обновления строки',
  PRIMARY KEY (`id`)
) ENGINE=InnoDB AUTO_INCREMENT=101 DEFAULT CHARSET=utf8 COLLATE=utf8_unicode_ci COMMENT='Сообщения';
/*!40101 SET character_set_client = @saved_cs_client */;

--
-- Dumping data for table `messages`
--

LOCK TABLES `messages` WRITE;
/*!40000 ALTER TABLE `messages` DISABLE KEYS */;
INSERT INTO `messages` VALUES (1,70,19,'Voluptatibus ipsum incidunt aut qui sunt placeat qui. Natus sint officiis quasi eveniet et. Ea nihil quas nihil. In dolores aliquam qui et.',1,0,'1993-06-24 01:20:22','2000-01-02 11:48:17'),(2,76,68,'Magnam rerum eligendi at harum ab et. Nihil asperiores molestiae similique voluptas qui pariatur. Dolores porro aliquid quia vero. Numquam est perferendis nam praesentium doloribus aut suscipit non.',0,1,'1970-08-22 09:38:34','1979-09-20 11:43:50'),(3,8,37,'Consequuntur et pariatur enim nihil fugit unde. Est suscipit voluptatibus aspernatur magnam. Deserunt odio quisquam numquam sunt eaque officiis blanditiis. Et odio porro sit qui qui est libero.',1,0,'1989-06-10 15:18:41','1998-05-29 07:06:22'),(4,93,14,'Officiis in voluptatum qui consectetur. Iste vel et et labore nesciunt.',0,1,'1987-06-10 22:09:36','1977-11-11 07:26:59'),(5,69,25,'Nam facilis sit voluptas repellat pariatur modi et aut. Consequatur rerum optio quod autem nemo voluptatem. Quas vitae sint recusandae quia aut deleniti velit nostrum. Vel sapiente aspernatur laudantium consectetur qui.',1,0,'2017-10-30 04:39:23','2007-04-24 22:23:24'),(6,38,88,'Id inventore possimus est aperiam voluptatibus voluptatem. Magni aut sit vel officiis. Corrupti ipsam vitae fugit officia eligendi voluptatum.',0,1,'2000-01-15 06:26:15','1989-09-28 21:38:08'),(7,45,33,'Ad doloribus est cum minus voluptatem optio eius et. Voluptas molestiae consequuntur et illo quae error. Sequi tenetur quas dicta id delectus. Reprehenderit veniam dolore culpa alias cumque.',1,1,'1994-07-20 06:52:37','1977-05-25 19:14:07'),(8,60,11,'Inventore iusto ut error laboriosam praesentium iusto dolores perferendis. Dolore nisi officia accusantium.',1,1,'2008-10-03 09:02:51','1978-09-24 12:45:20'),(9,77,21,'Est eos aut quo accusantium voluptas cumque. Laudantium sit sequi et sequi eius nihil aspernatur. Veritatis eveniet accusantium sapiente est. Adipisci consequuntur nulla sed ullam ut nisi possimus. Sint voluptatem eos iusto soluta veniam.',1,0,'2001-03-24 20:02:35','1992-08-31 07:50:13'),(10,60,96,'Voluptas beatae ut et blanditiis laborum expedita. Quas voluptatem perferendis corporis quaerat ex qui. Maxime quasi et corrupti soluta. Dicta nihil ducimus ut magni.',0,0,'2012-12-04 00:04:20','1981-10-29 18:14:28'),(11,55,40,'Vitae dicta voluptatum magnam praesentium soluta eos. Est nemo minus aliquid aut officiis quia illo maxime. Commodi officia laborum ea molestiae vel labore et. Accusamus hic maxime qui ea porro provident voluptatem.',1,1,'1997-11-26 06:57:28','1982-11-11 02:07:10'),(12,45,75,'Sunt et suscipit debitis quia quidem aut culpa. Dolore placeat officiis illo at. Ea labore rem exercitationem reiciendis aliquam voluptatibus. Culpa labore labore qui porro.',1,1,'2020-04-03 07:13:48','1991-09-11 16:22:45'),(13,91,60,'Suscipit quaerat eum quidem nesciunt. Magnam non sit beatae recusandae quis ut nam. Quasi necessitatibus explicabo sed dolores architecto repudiandae neque quae. Non voluptas ut consequatur ad repudiandae.',1,1,'2005-08-12 09:58:43','1989-07-25 06:12:48'),(14,67,66,'Voluptatem ullam eum dignissimos deleniti qui. Et distinctio quae suscipit aspernatur nemo ipsam. Modi est amet et ipsa occaecati soluta ad molestias.',0,0,'2013-01-05 15:34:48','1993-08-20 10:42:57'),(15,43,31,'Velit non accusamus recusandae quis. Vero voluptas ratione natus ullam placeat possimus. Molestiae molestiae aut ut id distinctio reiciendis.',0,0,'1991-10-11 01:58:54','1975-07-04 22:51:13'),(16,59,7,'Qui voluptatibus dolores ut ea dolorum aliquam. Inventore nemo esse sit. Recusandae voluptatem soluta ut exercitationem et.',0,1,'2004-03-02 13:50:10','2007-04-18 19:47:26'),(17,58,8,'A consequatur quaerat dolorem quasi porro. Ut unde nesciunt cumque. Quia sit qui rerum consequuntur aut et neque ipsum. Id repellat sunt aut est. Magnam cum magnam incidunt ut eligendi soluta qui.',1,0,'2016-04-13 05:32:39','2017-03-27 14:52:09'),(18,10,77,'Neque illum blanditiis ea laboriosam magnam ipsa rem sed. Facere doloribus sint quod asperiores. Velit aperiam doloribus animi aut distinctio. Ut odio deserunt nihil dolores praesentium repellat quia quia.',1,0,'1975-03-06 15:32:53','1983-11-29 23:46:52'),(19,15,78,'Dolores veritatis iure ea quia modi ab veritatis. Rerum et nisi eaque accusamus velit quod. Ab autem eligendi harum quo.',1,1,'1982-10-14 16:26:09','2016-11-10 04:03:57'),(20,93,5,'Adipisci quo sequi iusto excepturi omnis expedita. Voluptatibus illo qui facilis est est. Porro fuga omnis libero necessitatibus ut cum voluptas. Illo qui quo qui ratione minus culpa. Et autem aut et in aliquid eos magni.',0,1,'2009-12-25 03:28:42','2012-04-02 21:45:49'),(21,40,91,'Aut omnis consequuntur consectetur qui eaque. Qui dolores magni dignissimos architecto dolor. Nobis soluta fugiat deserunt minima placeat voluptatem similique. Illo totam suscipit quisquam accusamus cupiditate.',0,1,'1995-05-15 12:28:36','2002-08-09 06:06:12'),(22,98,95,'Est suscipit sed officiis tempora possimus natus exercitationem. Sequi ratione dolorem nihil doloribus sed voluptatum et. Ipsum tenetur molestiae id facere ut non quasi.',0,0,'1999-09-02 21:51:36','2000-11-11 19:17:50'),(23,74,42,'Ullam laborum natus aut a placeat non explicabo. Numquam aliquid excepturi itaque nam nihil adipisci dolorem distinctio. Quo quisquam et accusantium culpa doloremque laboriosam omnis.',0,0,'1999-11-21 09:20:42','1974-02-01 13:52:54'),(24,61,77,'Vitae est dolor ullam repellat modi dolorum sint. Iure vero ea voluptatibus nesciunt facilis recusandae. Harum assumenda aut iste illum ut. Voluptatum omnis consequuntur temporibus et quae eum.',1,1,'2008-01-11 14:10:11','1997-08-08 21:16:57'),(25,10,3,'Omnis est vel sed velit sunt. Ducimus vero quae sed quisquam. Ut magnam et et et sapiente maiores. Placeat asperiores cupiditate expedita et eaque ut optio. Nulla quae exercitationem et officiis cumque.',1,0,'2003-08-26 06:09:24','2010-11-25 20:06:53'),(26,33,92,'Itaque aut nihil omnis distinctio dicta. In tempora possimus architecto libero quisquam quae. Qui nemo odit incidunt doloribus dolores labore sit laborum.',1,1,'2002-04-27 08:28:15','1982-03-08 06:00:10'),(27,7,43,'Beatae in officia voluptates similique. Culpa aut numquam ducimus ea consequatur. Ab sint rerum voluptatem voluptas sequi. Et dolorum voluptas libero voluptate qui dolorum qui sequi. Quo et quo beatae aspernatur dolores commodi.',0,0,'2009-02-15 04:16:08','1978-10-26 19:40:48'),(28,11,86,'Adipisci natus eveniet deleniti dicta tenetur qui. Ut sequi dolor autem suscipit totam. Dolorem nobis nihil et velit. Laborum suscipit nihil nostrum maxime.',1,0,'1996-08-05 12:13:07','1976-04-02 14:40:33'),(29,49,98,'Quis soluta soluta atque at quia. Cupiditate minima sint sunt nesciunt nulla. Fuga similique temporibus qui incidunt enim modi corrupti. Cupiditate sint molestiae et iure et est harum consequuntur.',1,1,'2018-04-05 22:42:15','1985-01-09 19:48:29'),(30,63,18,'Aperiam quia consequatur ut eaque asperiores eveniet. Porro dolorem commodi occaecati reiciendis. Illum rerum necessitatibus tenetur vel eum magni. Placeat enim fugit iure cupiditate ullam ipsa.',1,1,'1987-11-22 09:36:46','1974-02-11 19:15:18'),(31,40,90,'Sed molestias commodi distinctio tenetur deserunt totam. Numquam laboriosam velit dolorem velit quos. Aut rerum earum similique dolorem consequuntur.',0,1,'2008-08-23 12:49:13','2016-03-23 13:40:09'),(32,32,41,'Dolores esse sequi nihil ipsa explicabo impedit eveniet. Hic ut nihil nulla sint et. Neque ipsam non rerum neque asperiores officiis ad enim. Voluptatem ducimus qui aspernatur vero voluptatibus nobis. Laborum ut exercitationem dolores totam.',1,0,'2006-08-26 06:41:44','1973-08-17 13:57:05'),(33,66,78,'Maxime enim natus similique inventore nostrum ut quo. Est necessitatibus esse molestias tenetur. Eos labore qui aliquid quod veritatis. Exercitationem nulla nulla ratione molestiae.',1,0,'1998-10-01 04:36:53','1974-08-09 06:15:29'),(34,51,9,'Dolore unde optio quis doloribus iusto explicabo. Et nulla doloribus fugit qui dicta minima quidem. Illum consequatur perferendis temporibus dignissimos assumenda. Consectetur non dolore laudantium.',1,0,'1973-04-06 01:54:47','2005-03-15 12:53:09'),(35,13,76,'At et aliquid et maxime voluptate enim. Dolore velit saepe nostrum vitae dignissimos non ut. Non id quia eligendi et iste non.',0,0,'1995-02-12 18:47:05','1991-01-10 07:01:03'),(36,30,28,'Quis vel aut ut eligendi dolore. Rem ipsa delectus consequatur sunt architecto asperiores doloribus nobis. Modi in optio qui assumenda earum asperiores ut. Neque distinctio neque dolor cumque.',1,0,'1995-07-07 14:12:21','1989-07-07 12:46:53'),(37,28,54,'Omnis iste similique tempora aut voluptas non odit. Omnis voluptatem consequatur quis sapiente quam at velit. Quam commodi sed sed rerum voluptatibus quidem. Saepe dolore modi qui aut est.',0,1,'2006-10-27 06:59:39','2016-03-14 19:57:57'),(38,28,82,'Impedit consequatur ut sed ex expedita sit amet. Ad odit explicabo quaerat harum. Amet soluta aliquam facere.',0,1,'1985-01-28 14:12:43','1973-04-22 19:10:52'),(39,50,91,'Qui excepturi velit recusandae qui modi consequatur. Qui quisquam quia ducimus. Iste tempore voluptate tenetur.',0,0,'2012-11-02 08:04:01','1998-08-01 23:44:32'),(40,44,67,'Repellat aut quo molestias enim. Et molestiae quae neque sed rerum repudiandae. Voluptas adipisci delectus repudiandae sunt minus.',0,0,'1976-12-21 03:59:48','1987-03-31 01:03:34'),(41,85,2,'Enim saepe quam odit exercitationem ut quas. Facere rerum iste ipsa sint excepturi nesciunt. Voluptatem rerum nisi odio officiis. Vel perspiciatis eos eos quidem. Aut ipsum minus aut vitae dolore.',0,1,'1972-02-12 12:37:04','2001-12-26 00:37:47'),(42,97,100,'Consequatur ipsam perferendis sunt magni rerum qui sed est. Voluptatem est qui ipsam officiis provident rem ex voluptas. Quam voluptatibus sed aut quia sit sit similique. Hic voluptatem vitae enim voluptas facilis possimus saepe.',0,1,'2006-01-28 17:31:10','2015-12-18 09:53:21'),(43,80,34,'Eos vel qui aut deleniti nesciunt ipsum numquam. Harum ut est quis possimus dolores itaque rerum. Blanditiis quam similique vel molestiae. Repellendus sit modi tenetur alias.',1,0,'2001-01-05 06:28:24','1982-09-04 23:28:21'),(44,93,86,'Hic quia voluptas fuga delectus qui quis voluptas. Ut sunt consectetur labore aut dolor. Vitae a enim beatae praesentium odit porro totam. Blanditiis est quis ullam vitae.',0,1,'1992-04-02 01:21:28','1990-04-06 10:59:30'),(45,12,21,'Blanditiis sit quasi praesentium repudiandae. Tempore distinctio ut consequatur eos consequatur quasi quisquam. Ab est sit animi expedita est.',1,1,'1983-11-25 12:19:25','1975-02-04 20:25:22'),(46,69,64,'Similique et iure id accusantium ipsam voluptatibus dolorem. Sequi accusantium cum natus nisi. Suscipit exercitationem ducimus repellendus maxime qui dolores. Praesentium laboriosam dolorum id rerum tenetur. Illo eos ipsa suscipit dolores voluptates facilis.',0,1,'2009-08-08 00:58:57','1990-01-13 06:30:26'),(47,44,100,'Possimus facere est nisi delectus aut. Aut magnam ut aspernatur doloribus illum eaque. Saepe aut ducimus odio repellat beatae omnis quis. Sint aut explicabo est reprehenderit consequatur qui est error.',1,0,'2004-02-19 21:19:06','1980-03-01 02:38:59'),(48,83,33,'Quo tenetur fugit laboriosam ut similique dolor. Optio est sequi fugit accusamus eos est nam. Provident et dolore distinctio error dolorem eius. Deleniti vero consequatur incidunt voluptatibus.',0,1,'1977-12-29 11:02:40','1999-12-27 04:20:44'),(49,49,78,'Dolor ratione et sit accusantium nulla est quae. Maxime quia sit et nesciunt delectus labore ducimus. Ab eos eos odio sint. Possimus porro quam odio molestias eius.',1,1,'1986-12-09 01:01:16','1998-01-12 23:54:06'),(50,20,85,'Omnis molestiae accusamus ea maxime enim. Ab quo commodi iusto temporibus. Iusto assumenda nemo enim aut est et. Debitis consequatur tenetur temporibus voluptatem.',0,0,'2010-01-18 23:28:57','2003-06-27 19:38:07'),(51,19,48,'Dolores earum occaecati cupiditate voluptatibus. Vel qui sed quidem cupiditate qui sed at nam. Doloremque ut dolores aperiam ipsa provident dolor in.',0,0,'1971-05-05 17:32:44','1978-08-07 10:27:33'),(52,88,48,'Vero delectus velit odit odio. Aliquam officiis ut molestiae natus. Dolorem dignissimos cupiditate error in a voluptates fuga.',1,0,'1974-12-02 18:58:05','1998-11-19 01:14:17'),(53,53,57,'Illo ea praesentium rem rerum. Occaecati aut aliquid doloribus modi. Nesciunt adipisci iusto nulla non soluta dolorem commodi. Facilis quia explicabo ut. Eaque voluptates sit id tempore.',1,0,'2017-03-09 14:02:40','2019-06-20 01:22:16'),(54,93,83,'Ea officiis ut molestiae. Aliquam cupiditate temporibus occaecati aut illo. Molestias consectetur enim sit nisi blanditiis rem inventore.',0,1,'1996-05-12 17:55:50','2018-03-14 06:41:04'),(55,34,66,'Ut sapiente ducimus sunt eaque ut. Sunt illo autem quibusdam expedita.',1,1,'2008-06-17 15:41:56','1988-10-03 10:48:32'),(56,31,81,'Iusto non doloremque aut laboriosam architecto. Qui inventore consequatur veniam et libero quo soluta. Nulla delectus nobis amet nemo. Sint nobis laborum dicta.',0,1,'1990-10-25 04:50:16','2007-01-02 04:17:57'),(57,70,93,'Consequatur non alias quod enim. Sint eum id voluptatem omnis quia distinctio. Ipsa officia sit eos dolores aut.',0,0,'2005-01-12 00:49:22','2015-06-09 02:43:09'),(58,48,26,'Corporis aliquid in non est repudiandae dolores tempore. Ut architecto ipsam voluptates dolores velit rerum adipisci.',0,0,'1987-04-08 10:12:06','2018-08-19 02:52:38'),(59,83,3,'Hic nihil rerum perferendis et accusantium delectus enim et. Qui error maxime laboriosam laboriosam quis inventore et maiores. Sed totam id est.',0,1,'2000-09-29 03:14:43','1992-03-26 16:55:21'),(60,91,73,'Et qui mollitia aut possimus aliquam. Omnis voluptatem accusamus et non voluptatem explicabo nostrum.',1,0,'2003-12-01 17:24:26','1989-01-04 12:23:06'),(61,12,92,'Dolorem et explicabo ipsa est sunt. Omnis quam molestiae amet iusto laboriosam eaque. Veritatis maxime voluptas error cum nihil. Quo qui rem dolores quo non.',0,1,'1991-08-15 11:44:32','1997-06-13 23:42:50'),(62,70,90,'Quos voluptatem perspiciatis debitis occaecati et laborum. Error et eaque sed corporis. Ut nam impedit minus.',0,1,'2013-03-10 13:48:02','2005-11-16 00:04:18'),(63,46,28,'Nihil quisquam voluptatem recusandae et est voluptates. Voluptatem ducimus perspiciatis ipsam voluptate. Illum ut qui deserunt qui.',1,1,'2009-06-18 21:45:46','2007-06-17 23:02:43'),(64,16,81,'Ut ut aut ea consectetur. Vel amet soluta delectus non nulla et. Eligendi atque ut qui placeat.',0,0,'1991-12-18 06:35:12','1998-06-05 09:29:44'),(65,35,74,'Et unde earum esse maxime cum. Voluptatem est non ab iure exercitationem occaecati. Cupiditate id sapiente repudiandae numquam sequi.',1,0,'1981-10-04 13:58:12','2003-04-08 07:33:15'),(66,64,93,'Est et quaerat molestiae cum aut doloribus sapiente. Ratione itaque ut voluptatem. Natus placeat totam ut ad fugiat exercitationem suscipit.',1,0,'2019-12-06 12:17:44','2010-10-26 10:26:47'),(67,55,63,'Aut eveniet consectetur vel rem. Ut necessitatibus aut fuga aperiam itaque. Enim rerum id mollitia itaque facere placeat sit reprehenderit. Numquam voluptatem at soluta voluptatem est.',1,0,'1982-01-09 18:31:10','2006-11-14 00:29:04'),(68,48,80,'Error consequatur vitae expedita dolores ea. Aperiam vel odio alias itaque est occaecati.',0,1,'1987-08-25 00:18:19','2020-07-14 21:39:40'),(69,24,61,'Animi quasi at et et atque natus. Dolorum repellendus qui veritatis sit sapiente nihil reiciendis. Voluptatem maiores suscipit qui et architecto optio. Rerum nam sint est.',0,1,'1987-02-11 00:50:48','2003-06-25 21:23:13'),(70,93,11,'Alias aut et eveniet. Explicabo nihil maxime qui. Commodi rerum placeat vel molestias distinctio laborum. Optio consectetur asperiores debitis eaque repellat.',1,0,'1991-09-16 01:23:15','1991-04-30 12:52:49'),(71,4,42,'Enim unde nulla voluptas quis fuga nihil. Est accusantium eum impedit voluptatum magni nostrum porro. Dicta maiores aut veniam ab. Voluptas nulla et aperiam non quis dicta sit.',1,0,'2019-09-13 02:40:14','2003-08-16 20:42:13'),(72,16,1,'Quia laboriosam labore non vitae voluptas. Molestiae voluptatem et perspiciatis. Consequatur cupiditate suscipit nemo veniam aut. Modi est earum voluptas similique.',0,0,'1998-12-26 06:22:52','1995-01-27 13:46:50'),(73,52,35,'Qui et dolor consequatur eos nostrum esse at. Autem possimus tenetur voluptas eveniet quam. Illum assumenda magni dolorum soluta eum enim expedita.',1,1,'2011-08-16 23:52:22','1994-07-16 18:01:52'),(74,59,13,'Et aut suscipit rerum doloremque provident fugit quo. Repellat ut nesciunt laborum temporibus vel repudiandae vitae. Odio distinctio omnis ad.',1,1,'1975-11-06 13:54:25','2001-04-10 12:42:00'),(75,60,35,'Et pariatur saepe dolorum nihil cum. Similique necessitatibus dolores non rerum molestiae doloribus.',0,1,'1999-10-25 16:16:01','2019-06-16 15:45:21'),(76,70,95,'Velit laboriosam nulla accusantium est omnis autem ipsa. Dolores laudantium officia molestiae cum consequatur nisi. Consequuntur voluptatum molestias rerum qui.',1,0,'1972-05-17 21:34:12','2011-01-24 14:07:28'),(77,79,44,'Occaecati iure velit vel qui quasi et. Culpa dolore architecto excepturi similique. Ea culpa delectus fuga.',0,1,'2013-07-05 12:53:37','1975-11-23 18:39:30'),(78,16,86,'Quis maiores tenetur porro ut. Rerum sit ut aspernatur ut vel excepturi officiis. Omnis similique assumenda minima expedita ipsa id. Quisquam vel ut ut quasi corrupti quia quis maiores.',0,1,'2019-12-25 00:14:46','2018-12-12 05:28:38'),(79,78,95,'Impedit consequatur iure deleniti dolor facilis. Voluptas autem debitis iste exercitationem. Fuga consequatur natus beatae alias unde magni.',1,0,'2019-12-29 00:25:46','2014-01-27 03:21:42'),(80,39,48,'Aliquid ut officiis aut porro ea aliquid est. Delectus voluptatem reiciendis a provident aut voluptatem voluptatum. Adipisci et et consequatur sit explicabo.',1,1,'2006-09-17 00:54:59','1983-04-03 23:53:29'),(81,19,54,'Odio debitis sed qui quaerat nulla est. Expedita eveniet temporibus hic delectus cum. Laborum est sit ut cumque.',1,1,'2019-06-11 22:10:56','1998-12-21 21:27:47'),(82,53,75,'Rerum dicta voluptatem quaerat rerum ut incidunt. Sit perspiciatis laborum atque voluptatem sint. Ea eum commodi consectetur commodi veritatis aut nemo. Et alias ipsum ipsum error velit.',1,0,'1996-04-28 11:37:48','1972-10-07 15:44:30'),(83,60,17,'Consequatur quasi rem excepturi atque aut enim tempora. Aut et vitae dolorum odio et molestiae ut. Temporibus esse ut est quisquam.',1,0,'2009-04-01 00:15:24','1992-09-18 12:12:31'),(84,74,85,'Aut debitis laborum blanditiis repudiandae eius cum. Nesciunt inventore enim quis omnis similique omnis quisquam. Iusto sapiente necessitatibus exercitationem dolorum voluptate id.',0,0,'1990-01-30 11:25:46','1973-12-23 02:13:06'),(85,71,44,'Qui ea consequuntur alias assumenda in. Maxime vel minima esse voluptatum placeat. Velit a iure quia impedit. Et qui temporibus nesciunt sint ipsa.',1,1,'2014-11-28 18:09:37','1980-10-26 19:10:06'),(86,61,40,'Voluptas sed sunt doloribus modi illo. Ea quia voluptatem veniam voluptatum aliquam consequatur. Velit dolores repellat recusandae voluptate vel eaque. Sit nesciunt aut asperiores nemo fugiat qui earum.',0,1,'1986-10-01 20:29:41','1984-06-04 07:43:34'),(87,61,61,'Est iste amet ut et deleniti doloribus beatae. Quaerat quibusdam consequatur ab occaecati quo. Veniam magnam nihil consequatur architecto id alias. Ut dolorem sed et labore ut magnam.',1,1,'2012-05-30 21:59:45','1987-01-11 07:06:21'),(88,74,29,'Culpa impedit autem nihil blanditiis sit blanditiis odit aliquid. Eligendi voluptas eius alias. Omnis ut non quo nobis et repellat nulla.',1,1,'2006-05-01 23:33:42','1975-11-21 18:54:55'),(89,80,38,'Est id delectus atque quibusdam error. Expedita aut saepe amet non impedit et. Nulla voluptatem voluptatibus et possimus qui quas laborum molestiae. Soluta tenetur quasi consequatur voluptatum.',1,1,'1982-03-07 20:49:13','1983-12-12 12:24:21'),(90,11,95,'Quaerat deserunt nam voluptates atque. Praesentium unde vel ut debitis assumenda quibusdam ut. Molestiae maiores omnis ratione enim eaque unde. Numquam placeat et quae incidunt nisi.',1,0,'2009-03-20 10:16:30','1989-01-15 00:55:30'),(91,7,9,'Molestiae corrupti culpa suscipit et incidunt. Dolor ut est ut animi unde. Sapiente voluptatem nisi qui enim totam. Rerum sit at possimus dignissimos commodi et id.',1,0,'2003-10-09 14:29:39','2005-08-15 15:42:03'),(92,69,80,'Facere maiores cupiditate alias perferendis incidunt. In ipsum mollitia velit ut blanditiis sit. Dolore voluptatem quas dolores hic est et mollitia quam.',1,0,'1977-06-22 13:01:37','1996-04-19 13:47:32'),(93,45,26,'Qui aut hic enim dolor ipsa voluptas distinctio. Debitis nobis quia id neque. Ad nesciunt debitis ea et occaecati itaque cumque.',1,1,'1973-06-28 14:34:55','1991-06-05 21:07:37'),(94,74,36,'Vel in autem et consequuntur magni. Ea nesciunt itaque aut voluptatem id voluptas. Tempora velit deserunt necessitatibus earum accusamus. Ullam tempora provident ipsam consequatur officiis aliquam commodi.',1,1,'2015-06-25 15:36:56','2004-07-26 22:06:37'),(95,56,42,'Velit suscipit debitis sequi temporibus. Nulla voluptatem delectus voluptatem voluptas. Quae aut beatae iste inventore. Optio illo eligendi animi dolor cumque delectus ipsa voluptatem.',0,1,'1981-02-16 04:29:38','2002-08-31 10:31:05'),(96,25,85,'Iusto omnis exercitationem sed. Quaerat aut voluptas et magnam quaerat officiis. Rerum et et iusto et architecto iusto dignissimos ut. Et necessitatibus aut optio aut similique quas.',1,1,'1982-01-22 10:50:17','2017-05-29 06:58:31'),(97,5,65,'Corrupti ipsum fugiat ut qui. Deserunt id autem velit aut quibusdam ab sit. Et neque officia autem sit ipsum quia. Voluptatem nisi impedit numquam atque nesciunt in. Hic minima dolore temporibus quibusdam pariatur doloremque.',1,1,'2010-04-10 12:23:34','2008-01-03 04:11:52'),(98,66,89,'Et animi aut et aut placeat unde. Dolor quia quos ea sed laborum. Veniam et voluptas fugiat quis necessitatibus occaecati.',0,1,'2014-12-23 15:41:42','1997-06-01 22:31:16'),(99,39,61,'Et velit perferendis vel eius autem eum cum. Qui eveniet exercitationem excepturi incidunt officiis aliquam omnis. Dolor nam ea quaerat ut inventore repellendus. Saepe odio similique voluptate eos velit dolorum vitae.',0,0,'1983-06-22 03:49:39','2005-05-28 02:11:52'),(100,98,40,'Aliquam dignissimos cupiditate quia ullam molestiae aut inventore. Culpa amet placeat esse. Magni sit qui velit nobis quaerat cum.',0,0,'1996-12-27 12:27:31','2002-01-06 09:26:37');
/*!40000 ALTER TABLE `messages` ENABLE KEYS */;
UNLOCK TABLES;

--
-- Table structure for table `profile_statuses`
--

DROP TABLE IF EXISTS `profile_statuses`;
/*!40101 SET @saved_cs_client     = @@character_set_client */;
/*!40101 SET character_set_client = utf8 */;
CREATE TABLE `profile_statuses` (
  `id` int unsigned NOT NULL AUTO_INCREMENT COMMENT 'Идентификатор строки',
  `name` varchar(30) NOT NULL COMMENT 'Название статуса',
  `created_at` datetime DEFAULT CURRENT_TIMESTAMP COMMENT 'Время создания строки',
  `updated_at` datetime DEFAULT CURRENT_TIMESTAMP ON UPDATE CURRENT_TIMESTAMP COMMENT 'Время обновления строки',
  PRIMARY KEY (`id`),
  UNIQUE KEY `name` (`name`)
) ENGINE=InnoDB AUTO_INCREMENT=4 DEFAULT CHARSET=utf8mb4 COLLATE=utf8mb4_0900_ai_ci COMMENT='Статусы профилей';
/*!40101 SET character_set_client = @saved_cs_client */;

--
-- Dumping data for table `profile_statuses`
--

LOCK TABLES `profile_statuses` WRITE;
/*!40000 ALTER TABLE `profile_statuses` DISABLE KEYS */;
INSERT INTO `profile_statuses` VALUES (1,'active','2020-10-22 15:56:18','2020-10-22 15:56:18'),(2,'pending','2020-10-22 15:56:18','2020-10-22 15:56:18'),(3,'disables','2020-10-22 15:56:18','2020-10-22 15:56:18');
/*!40000 ALTER TABLE `profile_statuses` ENABLE KEYS */;
UNLOCK TABLES;

--
-- Table structure for table `profiles`
--

DROP TABLE IF EXISTS `profiles`;
/*!40101 SET @saved_cs_client     = @@character_set_client */;
/*!40101 SET character_set_client = utf8 */;
CREATE TABLE `profiles` (
  `user_id` int unsigned NOT NULL COMMENT 'Идентификатор строки',
  `gender` enum('F','M') COLLATE utf8_unicode_ci NOT NULL,
  `birthday` date DEFAULT NULL COMMENT 'Дата рождения',
  `photo_id` int unsigned DEFAULT NULL COMMENT 'Ссылка на основную фотографию пользователя',
  `status_id` int unsigned NOT NULL COMMENT 'Идентификатор статуса',
  `city_id` int unsigned DEFAULT NULL,
  `created_at` datetime DEFAULT CURRENT_TIMESTAMP COMMENT 'Время создания строки',
  `updated_ay` datetime DEFAULT CURRENT_TIMESTAMP ON UPDATE CURRENT_TIMESTAMP COMMENT 'Время обновления строки',
  PRIMARY KEY (`user_id`)
) ENGINE=InnoDB DEFAULT CHARSET=utf8 COLLATE=utf8_unicode_ci COMMENT='Профили';
/*!40101 SET character_set_client = @saved_cs_client */;

--
-- Dumping data for table `profiles`
--

LOCK TABLES `profiles` WRITE;
/*!40000 ALTER TABLE `profiles` DISABLE KEYS */;
INSERT INTO `profiles` VALUES (1,'F','1961-05-23',13,2,3,'2020-10-22 14:26:45','2020-10-22 16:25:10'),(2,'M','1945-05-31',23,1,3,'2020-10-22 14:26:45','2020-10-22 16:25:10'),(3,'M','1947-07-24',75,1,7,'2020-10-22 14:26:45','2020-10-22 16:25:10'),(4,'M','1980-05-30',6,2,26,'2020-10-22 14:26:45','2020-10-22 16:25:10'),(5,'F','1981-03-11',5,3,9,'2020-10-22 14:26:45','2020-10-22 16:25:10'),(6,'F','2000-05-25',5,2,68,'2020-10-22 14:26:45','2020-10-22 16:25:10'),(7,'F','2000-01-29',11,1,10,'2020-10-22 14:26:45','2020-10-22 16:25:10'),(8,'F','2015-12-31',38,1,45,'2020-10-22 14:26:45','2020-10-22 16:25:10'),(9,'F','2020-05-18',59,1,94,'2020-10-22 14:26:45','2020-10-22 16:25:10'),(10,'M','2017-02-06',78,1,35,'2020-10-22 14:26:45','2020-10-22 16:25:10'),(11,'M','2016-05-26',12,3,94,'2020-10-22 14:26:45','2020-10-22 16:25:10'),(12,'M','1954-07-24',26,1,66,'2020-10-22 14:26:45','2020-10-22 16:25:10'),(13,'M','1929-06-12',95,1,44,'2020-10-22 14:26:45','2020-10-22 16:25:10'),(14,'M','1981-01-08',94,1,23,'2020-10-22 14:26:45','2020-10-22 16:25:10'),(15,'M','1999-05-15',85,1,84,'2020-10-22 14:26:45','2020-10-22 16:25:10'),(16,'F','1948-02-03',44,1,50,'2020-10-22 14:26:45','2020-10-22 16:25:10'),(17,'M','1928-08-09',64,1,98,'2020-10-22 14:26:45','2020-10-22 16:25:10'),(18,'M','1944-11-20',87,1,38,'2020-10-22 14:26:45','2020-10-22 16:25:10'),(19,'M','1958-11-05',41,1,94,'2020-10-22 14:26:45','2020-10-22 16:25:10'),(20,'F','1922-03-20',46,1,58,'2020-10-22 14:26:45','2020-10-22 16:25:10'),(21,'F','2020-01-14',4,1,6,'2020-10-22 14:26:45','2020-10-22 16:25:10'),(22,'M','2009-03-09',83,1,55,'2020-10-22 14:26:45','2020-10-22 16:25:10'),(23,'M','2009-07-27',3,1,56,'2020-10-22 14:26:45','2020-10-22 16:25:10'),(24,'M','2017-12-24',64,1,15,'2020-10-22 14:26:45','2020-10-22 16:25:10'),(25,'M','1965-06-28',13,1,6,'2020-10-22 14:26:45','2020-10-22 16:25:10'),(26,'F','1992-01-23',72,1,85,'2020-10-22 14:26:45','2020-10-22 16:25:10'),(27,'M','1926-07-01',22,1,8,'2020-10-22 14:26:45','2020-10-22 16:25:10'),(28,'M','2006-05-13',92,1,83,'2020-10-22 14:26:45','2020-10-22 16:25:10'),(29,'M','1966-03-23',95,1,93,'2020-10-22 14:26:45','2020-10-22 16:25:10'),(30,'F','2006-11-03',100,1,13,'2020-10-22 14:26:45','2020-10-22 16:25:10'),(31,'M','1960-08-03',11,3,88,'2020-10-22 14:26:45','2020-10-22 16:25:10'),(32,'F','1963-07-19',55,3,100,'2020-10-22 14:26:45','2020-10-22 16:25:10'),(33,'F','1990-11-12',42,1,35,'2020-10-22 14:26:45','2020-10-22 16:25:10'),(34,'F','1953-08-08',46,1,73,'2020-10-22 14:26:45','2020-10-22 16:25:10'),(35,'F','2002-10-10',2,1,59,'2020-10-22 14:26:45','2020-10-22 16:25:10'),(36,'M','1939-05-31',72,1,78,'2020-10-22 14:26:45','2020-10-22 16:25:10'),(37,'M','1929-11-26',54,1,12,'2020-10-22 14:26:45','2020-10-22 16:25:10'),(38,'M','2001-12-26',52,1,27,'2020-10-22 14:26:45','2020-10-22 16:25:10'),(39,'F','1976-02-19',100,1,98,'2020-10-22 14:26:45','2020-10-22 16:25:10'),(40,'F','1926-06-21',41,1,8,'2020-10-22 14:26:45','2020-10-22 16:25:10'),(41,'F','1987-10-06',6,1,44,'2020-10-22 14:26:45','2020-10-22 16:25:10'),(42,'M','2016-02-18',6,3,96,'2020-10-22 14:26:45','2020-10-22 16:25:10'),(43,'F','1984-02-01',12,1,50,'2020-10-22 14:26:45','2020-10-22 16:25:10'),(44,'F','1981-06-14',40,2,58,'2020-10-22 14:26:45','2020-10-22 16:25:10'),(45,'F','2006-04-27',64,2,41,'2020-10-22 14:26:45','2020-10-22 16:25:10'),(46,'F','1974-09-05',98,1,29,'2020-10-22 14:26:45','2020-10-22 16:25:10'),(47,'M','1922-11-06',100,1,23,'2020-10-22 14:26:45','2020-10-22 16:25:10'),(48,'F','1984-08-22',6,2,26,'2020-10-22 14:26:45','2020-10-22 16:25:10'),(49,'M','1930-09-19',29,1,62,'2020-10-22 14:26:45','2020-10-22 16:25:10'),(50,'F','2009-10-10',27,1,31,'2020-10-22 14:26:45','2020-10-22 16:25:10'),(51,'M','1953-04-02',46,1,69,'2020-10-22 14:26:45','2020-10-22 16:25:10'),(52,'M','1926-04-28',48,1,51,'2020-10-22 14:26:45','2020-10-22 16:25:10'),(53,'M','1989-10-09',3,1,48,'2020-10-22 14:26:45','2020-10-22 16:25:10'),(54,'M','2013-11-15',69,1,86,'2020-10-22 14:26:45','2020-10-22 16:25:10'),(55,'M','1922-10-15',34,1,86,'2020-10-22 14:26:45','2020-10-22 16:25:10'),(56,'M','1942-06-25',65,2,71,'2020-10-22 14:26:45','2020-10-22 16:25:10'),(57,'M','1998-02-19',21,3,98,'2020-10-22 14:26:45','2020-10-22 16:25:10'),(58,'M','2011-08-26',10,1,78,'2020-10-22 14:26:45','2020-10-22 16:25:10'),(59,'M','1937-10-26',87,1,92,'2020-10-22 14:26:45','2020-10-22 16:25:10'),(60,'M','1942-04-28',5,1,27,'2020-10-22 14:26:45','2020-10-22 16:25:10'),(61,'M','1954-09-20',63,1,59,'2020-10-22 14:26:45','2020-10-22 16:25:10'),(62,'M','1954-03-12',100,1,13,'2020-10-22 14:26:45','2020-10-22 16:25:10'),(63,'M','1996-03-16',9,1,88,'2020-10-22 14:26:45','2020-10-22 16:25:10'),(64,'M','1988-04-18',46,1,2,'2020-10-22 14:26:45','2020-10-22 16:25:10'),(65,'F','1998-10-02',4,1,43,'2020-10-22 14:26:45','2020-10-22 16:25:10'),(66,'F','1964-01-12',80,3,10,'2020-10-22 14:26:45','2020-10-22 16:25:10'),(67,'F','1940-11-14',87,1,20,'2020-10-22 14:26:45','2020-10-22 16:25:10'),(68,'M','1967-06-02',94,1,69,'2020-10-22 14:26:45','2020-10-22 16:25:10'),(69,'M','1957-01-14',10,1,84,'2020-10-22 14:26:45','2020-10-22 16:25:10'),(70,'M','2012-06-05',69,1,12,'2020-10-22 14:26:45','2020-10-22 16:25:10'),(71,'M','1973-08-28',12,1,10,'2020-10-22 14:26:45','2020-10-22 16:25:10'),(72,'F','1991-07-09',54,1,11,'2020-10-22 14:26:45','2020-10-22 16:25:10'),(73,'M','1958-01-04',31,1,27,'2020-10-22 14:26:45','2020-10-22 16:25:10'),(74,'M','1970-07-26',95,1,1,'2020-10-22 14:26:45','2020-10-22 16:25:10'),(75,'F','2007-12-23',82,1,24,'2020-10-22 14:26:45','2020-10-22 16:25:10'),(76,'F','1925-08-06',25,1,14,'2020-10-22 14:26:45','2020-10-22 16:25:10'),(77,'F','2015-08-16',77,1,99,'2020-10-22 14:26:45','2020-10-22 16:25:10'),(78,'F','1953-06-01',11,1,54,'2020-10-22 14:26:45','2020-10-22 16:25:10'),(79,'M','1929-09-25',24,1,72,'2020-10-22 14:26:45','2020-10-22 16:25:10'),(80,'F','1993-06-30',86,1,99,'2020-10-22 14:26:45','2020-10-22 16:25:10'),(81,'F','1964-03-20',57,1,76,'2020-10-22 14:26:45','2020-10-22 16:25:10'),(82,'M','1972-08-25',25,1,85,'2020-10-22 14:26:45','2020-10-22 16:25:10'),(83,'F','2012-07-01',57,1,95,'2020-10-22 14:26:45','2020-10-22 16:25:10'),(84,'M','1971-04-05',6,3,22,'2020-10-22 14:26:45','2020-10-22 16:25:10'),(85,'M','2016-09-19',60,1,22,'2020-10-22 14:26:45','2020-10-22 16:25:10'),(86,'F','1981-01-09',83,1,44,'2020-10-22 14:26:45','2020-10-22 16:25:10'),(87,'F','2002-05-28',34,2,56,'2020-10-22 14:26:45','2020-10-22 16:25:10'),(88,'F','1924-11-25',21,1,44,'2020-10-22 14:26:45','2020-10-22 16:25:10'),(89,'F','1977-04-30',1,3,54,'2020-10-22 14:26:45','2020-10-22 16:25:10'),(90,'M','2019-09-15',42,1,38,'2020-10-22 14:26:45','2020-10-22 16:25:10'),(91,'M','1975-06-21',8,1,25,'2020-10-22 14:26:45','2020-10-22 16:25:10'),(92,'M','1932-07-18',12,1,10,'2020-10-22 14:26:45','2020-10-22 16:25:10'),(93,'M','1963-06-06',35,1,74,'2020-10-22 14:26:45','2020-10-22 16:25:10'),(94,'M','1927-03-25',40,1,43,'2020-10-22 14:26:45','2020-10-22 16:25:10'),(95,'F','1975-05-17',94,1,89,'2020-10-22 14:26:45','2020-10-22 16:25:10'),(96,'M','1936-09-18',49,1,19,'2020-10-22 14:26:45','2020-10-22 16:25:10'),(97,'M','1952-04-28',63,1,25,'2020-10-22 14:26:45','2020-10-22 16:25:10'),(98,'M','1959-04-03',69,2,68,'2020-10-22 14:26:45','2020-10-22 16:25:10'),(99,'M','2001-08-19',53,1,63,'2020-10-22 14:26:45','2020-10-22 16:25:10'),(100,'F','1949-06-25',57,3,10,'2020-10-22 14:26:45','2020-10-22 16:25:10');
/*!40000 ALTER TABLE `profiles` ENABLE KEYS */;
UNLOCK TABLES;

--
-- Table structure for table `users`
--

DROP TABLE IF EXISTS `users`;
/*!40101 SET @saved_cs_client     = @@character_set_client */;
/*!40101 SET character_set_client = utf8 */;
CREATE TABLE `users` (
  `id` int unsigned NOT NULL AUTO_INCREMENT COMMENT 'Идентификатор строки',
  `first_name` varchar(100) CHARACTER SET utf8 COLLATE utf8_unicode_ci NOT NULL COMMENT 'Имя пользователя',
  `last_name` varchar(100) CHARACTER SET utf8 COLLATE utf8_unicode_ci NOT NULL COMMENT 'Фамилия пользователя',
  `email` varchar(150) CHARACTER SET utf8 COLLATE utf8_unicode_ci NOT NULL COMMENT 'Почта',
  `phone` varchar(20) CHARACTER SET utf8 COLLATE utf8_unicode_ci NOT NULL COMMENT 'Телефон',
  `created_at` datetime DEFAULT CURRENT_TIMESTAMP COMMENT 'Время создания строки',
  `updated_ay` datetime DEFAULT CURRENT_TIMESTAMP ON UPDATE CURRENT_TIMESTAMP COMMENT 'Время обновления строки',
  PRIMARY KEY (`id`)
) ENGINE=InnoDB AUTO_INCREMENT=101 DEFAULT CHARSET=utf8 COLLATE=utf8_unicode_ci COMMENT='Пользователи';
/*!40101 SET character_set_client = @saved_cs_client */;

--
-- Dumping data for table `users`
--

LOCK TABLES `users` WRITE;
/*!40000 ALTER TABLE `users` DISABLE KEYS */;
INSERT INTO `users` VALUES (1,'Eva','Heaney','johan52@example.net','175.984.6860x827','1983-03-17 00:06:09','1997-07-20 05:26:52'),(2,'Minnie','Corkery','hermiston.alyson@example.net','1-153-840-0665','1976-01-22 18:31:47','2019-08-28 08:39:29'),(3,'Nelda','D\'Amore','little.lawson@example.org','469-844-1714x9938','1984-03-31 18:51:11','1999-02-07 19:02:31'),(4,'Estelle','Johnson','ludwig.murphy@example.com','(373)586-5784x6123','1971-11-10 21:57:43','2007-03-07 05:53:25'),(5,'Genoveva','Ward','morar.abigale@example.net','(383)627-5960x4452','1980-07-05 07:39:16','1981-11-05 21:05:20'),(6,'Joyce','Marks','jude.deckow@example.net','+79(7)7917626492','1999-10-25 19:28:43','2020-10-22 15:38:28'),(7,'Zachery','Johns','ernser.derek@example.com','+94(8)5337634923','1988-11-14 20:09:54','2013-01-31 08:15:17'),(8,'Beatrice','Ziemann','ismael.lueilwitz@example.com','(396)098-8777','1977-07-27 19:22:51','2020-10-22 15:38:28'),(9,'Meagan','Langworth','schmitt.shea@example.com','1-671-574-6052x66232','1991-12-22 04:05:57','2019-06-06 08:06:19'),(10,'Aletha','Haley','brandi.lang@example.org','(651)510-9983x03999','1975-07-20 22:48:00','1982-10-06 06:24:12'),(11,'Damion','Donnelly','ledner.theron@example.com','(688)600-0189','1971-07-24 05:42:00','2020-10-22 15:38:28'),(12,'Adela','Braun','jkassulke@example.org','977-041-9130','2011-03-20 19:09:01','2020-10-22 15:38:28'),(13,'Brenden','Ward','ron.considine@example.org','09063278188','1970-08-01 03:28:21','1978-09-09 05:45:54'),(14,'Marielle','O\'Connell','jkassulke@example.com','667-315-6342x0582','2009-07-02 06:12:31','2020-10-22 15:38:28'),(15,'Mallie','Lowe','jenkins.delbert@example.org','258.213.9135x147','1997-01-31 14:24:51','2020-10-22 15:38:28'),(16,'Guy','Wehner','brakus.mossie@example.com','369.540.9205x57414','2013-08-05 09:06:06','2020-10-22 15:38:28'),(17,'Claire','Haley','champlin.nickolas@example.org','1-588-888-7230x8126','1995-10-20 23:44:30','2020-10-22 15:38:28'),(18,'Carroll','Schamberger','dstroman@example.org','+04(1)6674018472','2018-04-08 16:13:30','2020-10-22 15:38:28'),(19,'Columbus','Hauck','shaylee.wilkinson@example.org','(669)072-6621x35062','1984-11-08 16:35:36','2008-03-25 02:15:42'),(20,'Estrella','Okuneva','vernon.borer@example.net','1-744-092-9182x4536','1971-04-22 15:40:08','2011-12-26 23:33:26'),(21,'Jeffry','Mayer','harley.conn@example.org','(766)481-8619x988','2020-08-12 08:27:16','2020-10-22 15:38:28'),(22,'Davion','Price','mitchell.koepp@example.com','+77(1)0553959314','2014-08-07 07:45:33','2020-10-22 15:38:28'),(23,'Rosemary','Kilback','isai.welch@example.com','1-422-950-3613x04989','1970-08-20 10:49:23','2001-10-23 23:51:42'),(24,'Naomi','Cummerata','arvel31@example.com','1-585-713-2885x624','2018-01-25 17:32:35','2020-10-22 15:38:28'),(25,'Alexandrine','Cartwright','herzog.maya@example.com','436.950.3234x2472','1991-01-29 03:32:38','2010-10-13 20:19:08'),(26,'Tyree','Hagenes','billy.batz@example.net','797.580.6098x915','2009-03-18 20:32:35','2020-09-02 16:56:30'),(27,'Isac','Thiel','laurianne.cummings@example.com','803-881-5524','2009-06-20 09:56:55','2020-10-22 15:38:28'),(28,'Kendrick','Goyette','lysanne.beatty@example.org','08299114301','2013-12-22 04:37:34','2020-10-22 15:38:28'),(29,'Carissa','Torphy','russel.kirsten@example.net','350-371-9573','1972-06-26 04:31:49','2008-03-22 05:38:32'),(30,'Dion','Labadie','blaze.rutherford@example.net','+16(6)3038849394','2020-10-09 21:45:34','2020-10-22 15:38:28'),(31,'Shanon','D\'Amore','mccullough.clarabelle@example.com','202.822.2929','2017-08-11 02:47:20','2020-10-22 15:38:28'),(32,'Kariane','Padberg','frosenbaum@example.org','1-397-571-1118x1436','1977-01-08 20:45:47','2000-02-07 02:57:16'),(33,'Anais','Heller','homenick.cullen@example.org','+96(6)4230711370','1998-07-19 22:51:36','2015-10-01 11:00:29'),(34,'Abelardo','Block','donnelly.josephine@example.net','(339)982-5807x045','1973-09-09 15:02:38','2020-03-14 10:25:18'),(35,'Gerson','Shields','bo\'connell@example.net','(251)308-5934x3288','2017-04-22 05:48:12','2020-10-22 15:38:28'),(36,'Reed','Kozey','lkeebler@example.com','622.629.3263x374','2003-09-26 02:40:18','2020-10-22 15:38:28'),(37,'Elenora','Cummerata','crawford.lubowitz@example.net','959.423.1570x627','1970-10-19 18:33:43','2010-09-18 07:00:22'),(38,'Earl','O\'Keefe','ike.grant@example.org','(840)530-3849x62513','2018-02-05 23:48:43','2020-10-22 15:38:28'),(39,'Alejandrin','Jenkins','ledner.oswaldo@example.net','1-489-167-3345x982','1987-02-21 14:56:48','2000-10-13 23:14:19'),(40,'Lorena','Kertzmann','pmaggio@example.org','385.501.6599x293','2019-04-21 12:44:34','2020-10-22 15:38:28'),(41,'Elaina','Bradtke','kylee.gibson@example.org','(706)781-5412','2020-01-16 13:19:54','2020-10-22 15:38:28'),(42,'Oswald','Heathcote','fernando.ritchie@example.org','1-131-684-2523','1988-07-30 01:10:18','1994-06-06 13:41:06'),(43,'Cathryn','Farrell','morris33@example.net','(615)662-2185x97501','2011-01-02 10:19:51','2020-10-22 15:38:28'),(44,'Dannie','Halvorson','pjast@example.org','384-221-2766x68700','1977-07-08 11:31:50','2015-02-21 13:09:05'),(45,'Sylvia','Renner','bode.joanny@example.net','+34(2)7319151262','1973-09-13 22:33:22','1997-07-20 16:00:36'),(46,'Hildegard','Hilpert','zflatley@example.net','194.063.6048','2006-11-08 13:00:18','2020-10-22 15:38:28'),(47,'Alec','Deckow','una.ferry@example.com','977.644.2568','1976-02-16 19:44:06','1979-11-03 11:00:10'),(48,'Alverta','Haley','carmen.wuckert@example.org','1-250-589-6022','1987-12-01 22:42:09','2020-10-22 15:38:28'),(49,'Karolann','Senger','lnolan@example.org','989-117-8481','1975-11-13 18:03:00','2015-11-01 12:50:49'),(50,'Kody','Jakubowski','khermann@example.org','(258)465-5948x835','1976-02-09 09:01:02','2014-11-14 00:58:19'),(51,'Emelie','Mosciski','emily47@example.org','(829)240-6715','1983-08-19 19:00:41','2020-10-22 15:38:28'),(52,'Velda','Corwin','fay.reinger@example.net','148-332-9346','1970-12-12 12:59:42','1975-04-13 00:29:40'),(53,'Anika','Mueller','daniela90@example.com','522-323-0325x0662','1996-03-14 19:48:11','2020-10-22 15:38:28'),(54,'Myrtice','O\'Conner','ehuel@example.net','+92(6)0376306582','1994-10-25 19:09:19','2007-01-03 13:24:36'),(55,'Eliza','Auer','irma94@example.org','1-184-572-8051x40396','1974-02-25 09:34:06','2011-02-25 14:26:03'),(56,'Sven','Cole','markus.kshlerin@example.net','(343)440-6926','2013-03-25 17:49:55','2020-10-22 15:38:28'),(57,'Ulises','Wintheiser','harley33@example.com','(386)047-0783x862','1984-02-03 16:25:45','2020-10-22 15:38:28'),(58,'Franco','Jerde','casper.ethelyn@example.org','(272)309-9173x58154','2007-03-24 13:00:23','2016-10-31 13:30:51'),(59,'Johann','Schamberger','eula.willms@example.org','377-122-2870','1989-11-15 02:06:15','2017-01-26 19:47:50'),(60,'Sage','Lindgren','linda.wiza@example.org','1-938-552-8195x04683','2010-08-13 01:08:31','2020-10-22 15:38:28'),(61,'Damion','Hand','buck43@example.net','044.186.5968x0293','2015-10-26 03:01:21','2016-12-25 23:11:02'),(62,'Sabina','Baumbach','eratke@example.org','1-852-888-2773','2001-09-28 13:43:44','2006-12-06 09:41:49'),(63,'Gilda','Eichmann','susie.reichel@example.com','176.886.1477','2019-01-05 10:28:14','2020-10-22 15:38:28'),(64,'Ezequiel','Runolfsdottir','csawayn@example.com','+18(2)7473494570','1975-06-05 14:17:07','1975-07-20 00:17:04'),(65,'Kelton','Wilkinson','cartwright.helmer@example.com','062-999-6881','2006-05-21 01:49:56','2020-10-22 15:38:28'),(66,'Zena','Jacobs','kuphal.enoch@example.com','006.806.6196','2011-02-03 06:55:43','2020-10-22 15:38:28'),(67,'Elena','Crona','crunte@example.com','207-278-1295','1997-12-15 20:58:45','2008-09-08 09:03:57'),(68,'Curt','Schulist','norval.cummings@example.com','1-586-411-9865x181','2020-07-03 00:38:30','2020-10-22 15:38:28'),(69,'Sydni','Hirthe','savannah.torphy@example.net','849.940.1610x254','1978-05-02 17:46:57','2020-10-22 15:38:28'),(70,'Mario','Von','sydnie.hilpert@example.com','(607)686-2767x6334','1999-11-06 02:27:42','2020-10-22 15:38:28'),(71,'Rosina','Medhurst','jordy.little@example.net','688.463.3188','1997-10-26 23:00:55','2020-10-22 15:38:28'),(72,'Janick','Keebler','annetta71@example.com','+24(7)9983829470','2001-03-08 01:54:10','2019-10-28 14:11:35'),(73,'Misty','Green','athena40@example.com','803.100.2165','1994-06-14 01:12:24','2020-10-22 15:38:28'),(74,'Loyce','Herman','schultz.alexis@example.org','(717)669-2034x0189','1994-10-23 12:01:18','2020-10-22 15:38:28'),(75,'Madelyn','Roob','watsica.giovanni@example.net','681-356-0024x59142','2019-02-04 21:29:54','2020-10-22 15:38:28'),(76,'Jude','Eichmann','clubowitz@example.com','928-262-0091x431','1993-04-17 02:16:57','2009-12-17 17:31:35'),(77,'Wendell','Reynolds','nswift@example.com','418.483.6332x3454','1994-09-26 00:07:13','2020-10-22 15:38:28'),(78,'Terrell','Kunde','frederique98@example.org','+50(0)8312342441','1985-05-27 05:37:52','2006-08-06 08:47:11'),(79,'Emily','Wunsch','tremblay.jamar@example.org','306.841.1183x9409','1974-06-04 19:28:07','2008-07-30 00:58:28'),(80,'Lisa','Bernhard','domenico12@example.org','025-969-8885','2008-05-01 21:41:38','2020-10-22 15:38:28'),(81,'Jerald','Ondricka','white.tatum@example.net','965-290-5719x03056','1997-07-12 11:59:52','2020-10-22 15:38:28'),(82,'Luz','Corkery','ora15@example.org','1-839-615-5874','1995-09-11 05:29:37','2020-10-22 15:38:28'),(83,'Lessie','Kessler','joannie.schowalter@example.com','362.409.9359x550','1990-07-16 02:43:52','1993-09-08 09:56:39'),(84,'Shaniya','Fay','aherzog@example.net','609.014.5681x897','1987-11-21 18:05:25','2014-04-03 22:24:27'),(85,'Alejandrin','Torp','mkuphal@example.net','1-577-970-7522','2011-01-09 20:31:20','2020-10-22 15:38:28'),(86,'Rose','Hills','ariel00@example.org','1-460-293-0770','1999-10-28 07:23:18','2020-10-22 15:38:28'),(87,'Aniya','Nikolaus','cward@example.com','+67(2)5039392392','1982-09-23 03:45:27','2000-01-21 01:50:46'),(88,'Bradly','Stanton','douglas85@example.com','(783)635-9352x86371','1994-07-21 23:09:19','2020-10-22 15:38:28'),(89,'Jayson','Gutmann','little.cheyanne@example.org','1-340-504-8177x669','1990-01-10 15:18:16','2020-10-22 15:38:28'),(90,'Brock','Bruen','gcummerata@example.net','145-463-9413x9651','2015-11-06 23:45:40','2016-10-03 00:01:09'),(91,'Patrick','Green','eudora.rice@example.com','710.803.2748x3648','1978-09-26 17:01:36','1988-04-29 23:04:17'),(92,'Burdette','Wiza','irussel@example.org','106.311.3387x13097','2012-06-12 12:52:22','2020-10-22 15:38:28'),(93,'Jaylan','Stiedemann','rohan.letitia@example.com','679-545-8485','1992-03-05 11:38:23','2002-12-09 13:48:42'),(94,'Scottie','West','blanche65@example.org','699.852.0383x99756','2009-08-21 23:39:49','2020-10-22 15:38:28'),(95,'Yessenia','Beier','medhurst.lane@example.org','+39(4)2111639716','2008-06-03 00:42:09','2017-03-26 17:28:27'),(96,'Maverick','Koch','jacynthe.haley@example.net','985-736-0560','1994-03-10 17:58:42','2009-11-08 12:02:36'),(97,'Madge','Zieme','adelia55@example.net','+80(1)0460673555','1970-06-09 11:30:22','1975-11-15 16:32:30'),(98,'Marc','Rau','lupe02@example.net','1-993-165-5600x275','2013-08-23 04:45:41','2020-10-22 15:38:28'),(99,'Jerad','Zboncak','hackett.francesca@example.com','1-840-093-0260x139','1996-02-02 16:34:52','2020-10-22 15:38:28'),(100,'Maiya','Turner','ruben.christiansen@example.net','652.008.6831','1976-01-06 03:26:06','2007-06-24 20:26:09');
/*!40000 ALTER TABLE `users` ENABLE KEYS */;
UNLOCK TABLES;

--
-- Dumping routines for database 'vk'
--
/*!40103 SET TIME_ZONE=@OLD_TIME_ZONE */;

/*!40101 SET SQL_MODE=@OLD_SQL_MODE */;
/*!40014 SET FOREIGN_KEY_CHECKS=@OLD_FOREIGN_KEY_CHECKS */;
/*!40014 SET UNIQUE_CHECKS=@OLD_UNIQUE_CHECKS */;
/*!40101 SET CHARACTER_SET_CLIENT=@OLD_CHARACTER_SET_CLIENT */;
/*!40101 SET CHARACTER_SET_RESULTS=@OLD_CHARACTER_SET_RESULTS */;
/*!40101 SET COLLATION_CONNECTION=@OLD_COLLATION_CONNECTION */;
/*!40111 SET SQL_NOTES=@OLD_SQL_NOTES */;

-- Dump completed on 2020-10-23  1:31:28
